transaction_id,date,vendor_name,vendor_gstin,invoice_no,amount,type,narration,gl_account,hsn_code,gst_rate,igst,cgst,sgst,source,budget_amount,cost_centre,vendor_type,payment_date
TXN-1000,2025-10-01,XYZ Supplies Pvt Ltd,27AABCX1234D1ZS,INV-XYZ-500,78500,DEBIT,Procurement Services,5100,9965,18,0,7065.0,7065.0,ERP,94200,CORP,REGULAR,
TXN-1001,2025-10-02,XYZ Supplies Pvt Ltd,27AABCX1234D1ZS,INV-XYZ-501,89000,DEBIT,Procurement Services,5100,9965,18,0,8010.0,8010.0,ERP,106800,CORP,REGULAR,
TXN-1002,2025-10-03,XYZ Supplies Pvt Ltd,27AABCX1234D1ZS,INV-XYZ-502,97000,DEBIT,Procurement Services,5100,9965,18,0,8730.0,8730.0,ERP,116400,CORP,REGULAR,
TXN-1003,2025-10-04,XYZ Supplies Pvt Ltd,27AABCX1234D1ZS,INV-XYZ-503,75200,DEBIT,Procurement Services,5100,9965,18,0,6768.0,6768.0,ERP,90240,CORP,REGULAR,
TXN-1004,2025-10-05,XYZ Supplies Pvt Ltd,27AABCX1234D1ZS,INV-XYZ-504,82300,DEBIT,Procurement Services,5100,9965,18,0,7407.0,7407.0,ERP,98760,CORP,REGULAR,
TXN-1005,2025-10-06,XYZ Supplies Pvt Ltd,27AABCX1234D1ZS,INV-XYZ-505,93100,DEBIT,Procurement Services,5100,9965,18,0,8379.0,8379.0,ERP,111720,CORP,REGULAR,
TXN-1006,2025-10-07,XYZ Supplies Pvt Ltd,27AABCX1234D1ZS,INV-XYZ-506,87500,DEBIT,Procurement Services,5100,9965,18,0,7875.0,7875.0,ERP,105000,CORP,REGULAR,
TXN-1007,2025-10-08,XYZ Supplies Pvt Ltd,27AABCX1234D1ZS,INV-XYZ-507,76800,DEBIT,Procurement Services,5100,9965,18,0,6912.0,6912.0,ERP,92160,CORP,REGULAR,
TXN-1008,2025-10-09,XYZ Supplies Pvt Ltd,27AABCX1234D1ZS,INV-XYZ-508,91000,DEBIT,Procurement Services,5100,9965,18,0,8190.0,8190.0,ERP,109200,CORP,REGULAR,
TXN-1009,2025-10-10,XYZ Supplies Pvt Ltd,27AABCX1234D1ZS,INV-XYZ-509,84500,DEBIT,Procurement Services,5100,9965,18,0,7605.0,7605.0,ERP,101400,CORP,REGULAR,
TXN-1010,2025-10-11,XYZ Supplies Pvt Ltd,27AABCX1234D1ZS,INV-XYZ-510,77300,DEBIT,Procurement Services,5100,9965,18,0,6957.0,6957.0,ERP,92760,CORP,REGULAR,
TXN-1011,2025-10-12,XYZ Supplies Pvt Ltd,27AABCX1234D1ZS,INV-XYZ-511,88200,DEBIT,Procurement Services,5100,9965,18,0,7938.0,7938.0,ERP,105840,CORP,REGULAR,
TXN-1012,2025-10-13,XYZ Supplies Pvt Ltd,27AABCX1234D1ZS,INV-XYZ-512,96500,DEBIT,Procurement Services,5100,9965,18,0,8685.0,8685.0,ERP,115800,CORP,REGULAR,
TXN-1013,2025-10-14,XYZ Supplies Pvt Ltd,27AABCX1234D1ZS,INV-XYZ-513,79100,DEBIT,Procurement Services,5100,9965,18,0,7119.0,7119.0,ERP,94920,CORP,REGULAR,
TXN-1014,2025-10-15,XYZ Supplies Pvt Ltd,27AABCX1234D1ZS,INV-XYZ-514,83700,DEBIT,Procurement Services,5100,9965,18,0,7533.0,7533.0,ERP,100440,CORP,REGULAR,
TXN-1015,2025-10-16,XYZ Supplies Pvt Ltd,27AABCX1234D1ZS,INV-XYZ-515,92400,DEBIT,Procurement Services,5100,9965,18,0,8316.0,8316.0,ERP,110880,CORP,REGULAR,
TXN-1016,2025-10-17,XYZ Supplies Pvt Ltd,27AABCX1234D1ZS,INV-XYZ-516,86000,DEBIT,Procurement Services,5100,9965,18,0,7740.0,7740.0,ERP,103200,CORP,REGULAR,
TXN-1017,2025-10-18,XYZ Supplies Pvt Ltd,27AABCX1234D1ZS,INV-XYZ-517,75800,DEBIT,Procurement Services,5100,9965,18,0,6822.0,6822.0,ERP,90960,CORP,REGULAR,
TXN-1018,2025-10-19,XYZ Supplies Pvt Ltd,27AABCX1234D1ZS,INV-XYZ-518,80900,DEBIT,Procurement Services,5100,9965,18,0,7281.0,7281.0,ERP,97080,CORP,REGULAR,
TXN-1019,2025-10-20,XYZ Supplies Pvt Ltd,27AABCX1234D1ZS,INV-XYZ-519,94000,DEBIT,Procurement Services,5100,9965,18,0,8460.0,8460.0,ERP,112800,CORP,REGULAR,
TXN-1020,2025-10-21,XYZ Supplies Pvt Ltd,27AABCX1234D1ZS,INV-XYZ-520,78100,DEBIT,Procurement Services,5100,9965,18,0,7029.0,7029.0,ERP,93720,CORP,REGULAR,
TXN-1021,2025-10-22,XYZ Supplies Pvt Ltd,27AABCX1234D1ZS,INV-XYZ-521,87000,DEBIT,Procurement Services,5100,9965,18,0,7830.0,7830.0,ERP,104400,CORP,REGULAR,
TXN-1022,2025-10-23,XYZ Supplies Pvt Ltd,27AABCX1234D1ZS,INV-XYZ-522,73500,DEBIT,Procurement Services,5100,9965,18,0,6615.0,6615.0,ERP,88200,CORP,REGULAR,
TXN-1023,2025-10-24,XYZ Supplies Pvt Ltd,27AABCX1234D1ZS,INV-XYZ-523,81200,DEBIT,Procurement Services,5100,9965,18,0,7308.0,7308.0,ERP,97440,CORP,REGULAR,
TXN-1024,2025-10-25,XYZ Supplies Pvt Ltd,27AABCX1234D1ZS,INV-XYZ-524,90500,DEBIT,Procurement Services,5100,9965,18,0,8145.0,8145.0,ERP,108600,CORP,REGULAR,
TXN-1025,2025-10-26,XYZ Supplies Pvt Ltd,27AABCX1234D1ZS,INV-XYZ-525,76300,DEBIT,Procurement Services,5100,9965,18,0,6867.0,6867.0,ERP,91560,CORP,REGULAR,
TXN-1026,2025-10-27,XYZ Supplies Pvt Ltd,27AABCX1234D1ZS,INV-XYZ-526,85000,DEBIT,Procurement Services,5100,9965,18,0,7650.0,7650.0,ERP,102000,CORP,REGULAR,
TXN-1027,2025-10-28,XYZ Supplies Pvt Ltd,27AABCX1234D1ZS,INV-XYZ-527,92000,DEBIT,Procurement Services,5100,9965,18,0,8280.0,8280.0,ERP,110400,CORP,REGULAR,
TXN-1028,2025-10-29,XYZ Supplies Pvt Ltd,27AABCX1234D1ZS,INV-XYZ-528,79800,DEBIT,Procurement Services,5100,9965,18,0,7182.0,7182.0,ERP,95760,CORP,REGULAR,
TXN-1029,2025-10-30,XYZ Supplies Pvt Ltd,27AABCX1234D1ZS,INV-XYZ-529,88500,DEBIT,Procurement Services,5100,9965,18,0,7965.0,7965.0,ERP,106200,CORP,REGULAR,
TXN-1030,2025-10-31,XYZ Supplies Pvt Ltd,27AABCX1234D1ZS,INV-XYZ-530,74200,DEBIT,Procurement Services,5100,9965,18,0,6678.0,6678.0,ERP,89040,CORP,REGULAR,
TXN-1031,2025-11-01,XYZ Supplies Pvt Ltd,27AABCX1234D1ZS,INV-XYZ-531,83000,DEBIT,Procurement Services,5100,9965,18,0,7470.0,7470.0,ERP,99600,CORP,REGULAR,
TXN-1032,2025-11-02,XYZ Supplies Pvt Ltd,27AABCX1234D1ZS,INV-XYZ-532,91500,DEBIT,Procurement Services,5100,9965,18,0,8235.0,8235.0,ERP,109800,CORP,REGULAR,
TXN-1033,2025-11-03,XYZ Supplies Pvt Ltd,27AABCX1234D1ZS,INV-XYZ-533,77800,DEBIT,Procurement Services,5100,9965,18,0,7002.0,7002.0,ERP,93360,CORP,REGULAR,
TXN-1034,2025-11-04,XYZ Supplies Pvt Ltd,27AABCX1234D1ZS,INV-XYZ-534,86200,DEBIT,Procurement Services,5100,9965,18,0,7758.0,7758.0,ERP,103440,CORP,REGULAR,
TXN-1035,2025-11-05,XYZ Supplies Pvt Ltd,27AABCX1234D1ZS,INV-XYZ-535,93500,DEBIT,Procurement Services,5100,9965,18,0,8415.0,8415.0,ERP,112200,CORP,REGULAR,
TXN-1036,2025-11-06,XYZ Supplies Pvt Ltd,27AABCX1234D1ZS,INV-XYZ-536,80100,DEBIT,Procurement Services,5100,9965,18,0,7209.0,7209.0,ERP,96120,CORP,REGULAR,
TXN-1037,2025-11-07,XYZ Supplies Pvt Ltd,27AABCX1234D1ZS,INV-XYZ-537,75500,DEBIT,Procurement Services,5100,9965,18,0,6795.0,6795.0,ERP,90600,CORP,REGULAR,
TXN-1038,2025-11-08,XYZ Supplies Pvt Ltd,27AABCX1234D1ZS,INV-XYZ-538,89500,DEBIT,Procurement Services,5100,9965,18,0,8055.0,8055.0,ERP,107400,CORP,REGULAR,
TXN-1039,2025-11-09,XYZ Supplies Pvt Ltd,27AABCX1234D1ZS,INV-XYZ-539,72000,DEBIT,Procurement Services,5100,9965,18,0,6480.0,6480.0,ERP,86400,CORP,REGULAR,
TXN-1040,2025-11-10,XYZ Supplies Pvt Ltd,27AABCX1234D1ZS,INV-XYZ-540,84000,DEBIT,Procurement Services,5100,9965,18,0,7560.0,7560.0,ERP,100800,CORP,REGULAR,
TXN-1041,2025-11-11,XYZ Supplies Pvt Ltd,27AABCX1234D1ZS,INV-XYZ-541,90000,DEBIT,Procurement Services,5100,9965,18,0,8100.0,8100.0,ERP,108000,CORP,REGULAR,
TXN-1042,2025-11-12,XYZ Supplies Pvt Ltd,27AABCX1234D1ZS,INV-XYZ-542,78900,DEBIT,Procurement Services,5100,9965,18,0,7101.0,7101.0,ERP,94680,CORP,REGULAR,
TXN-1043,2025-11-13,XYZ Supplies Pvt Ltd,27AABCX1234D1ZS,INV-XYZ-543,87200,DEBIT,Procurement Services,5100,9965,18,0,7848.0,7848.0,ERP,104640,CORP,REGULAR,
TXN-1044,2025-11-14,XYZ Supplies Pvt Ltd,27AABCX1234D1ZS,INV-XYZ-544,95000,DEBIT,Procurement Services,5100,9965,18,0,8550.0,8550.0,ERP,114000,CORP,REGULAR,
TXN-1045,2025-11-15,XYZ Supplies Pvt Ltd,27AABCX1234D1ZS,INV-XYZ-545,76100,DEBIT,Procurement Services,5100,9965,18,0,6849.0,6849.0,ERP,91320,CORP,REGULAR,
TXN-1046,2025-11-16,XYZ Supplies Pvt Ltd,27AABCX1234D1ZS,INV-XYZ-546,82000,DEBIT,Procurement Services,5100,9965,18,0,7380.0,7380.0,ERP,98400,CORP,REGULAR,
TXN-2000,2025-12-12,Sharma Enterprises,29AABCS5678E2ZT,INV-2025-445,87500,DEBIT,Office Supplies,5200,9990,18,0,7875,7875,ERP,90000,CORP,REGULAR,
TXN-2001,2025-12-14,Sharma Enterprises,29AABCS5678E2ZT,INV-2025-445,87500,DEBIT,Office Supplies,5200,9990,18,0,7875,7875,ERP,90000,CORP,REGULAR,
TXN-2100,2025-12-15,Grand Hyatt Events,19AABCG7890H1ZK,INV-GHE-001,185000,DEBIT,Corporate Hospitality & Entertainment Services,6100,9963,18,0,16650,16650,ERP,200000,CORP,VENDOR,
TXN-2200,2025-12-31,Tata Consultancy Services,27AAACT2727Q1ZX,INV-TCS-Q3,450000,DEBIT,IT Consulting Services,5300,9983,18,0,40500,40500,ERP,460000,TECH,SERVICE,2026-01-03
TXN-2201,2025-12-31,Infosys Ltd,29AAACI1681G1ZK,INV-INFY-Q3,230000,DEBIT,Software Development,5300,9983,18,0,20700,20700,ERP,240000,TECH,SERVICE,2026-01-02
TXN-2202,2025-12-31,Wipro Ltd,29AAACW4313F1ZZ,INV-WIP-Q3,115000,DEBIT,Data Analytics,5300,9983,18,0,10350,10350,ERP,120000,TECH,SERVICE,2026-01-04
TXN-2300,2025-11-15,Tech Services Ltd,06AABCT9012F3ZU,INV-TSL-001,280000,DEBIT,Technology Services,5000,9983,18,0,25200,25200,ERP,290000,TECH,SERVICE,
TXN-2400,2025-10-20,International Travel Co,29AABCI7890J2ZM,INV-ITC-001,1847000,DEBIT,International roadshow customer conference Mumbai travel conveyance,6200,9964,18,0,166230,166230,ERP,420000,CORP,SERVICE,
TXN-2500,2025-10-01,Generic Trading Co 1,27AABCG0000X1ZY,INV-RND-1,500000,DEBIT,Miscellaneous Services,5900,9999,18,0,45000,45000,ERP,500000,CORP,REGULAR,
TXN-2501,2025-10-16,Generic Trading Co 2,27AABCG0001X1ZY,INV-RND-2,1000000,DEBIT,Miscellaneous Services,5900,9999,18,0,90000,90000,ERP,1000000,CORP,REGULAR,
TXN-2502,2025-10-31,Generic Trading Co 3,27AABCG0002X1ZY,INV-RND-3,500000,DEBIT,Miscellaneous Services,5900,9999,18,0,45000,45000,ERP,500000,CORP,REGULAR,
TXN-2503,2025-11-15,Generic Trading Co 4,27AABCG0003X1ZY,INV-RND-4,1000000,DEBIT,Miscellaneous Services,5900,9999,18,0,90000,90000,ERP,1000000,CORP,REGULAR,
TXN-2504,2025-11-30,Generic Trading Co 5,27AABCG0004X1ZY,INV-RND-5,500000,DEBIT,Miscellaneous Services,5900,9999,18,0,45000,45000,ERP,500000,CORP,REGULAR,
TXN-2505,2025-12-15,Generic Trading Co 6,27AABCG0005X1ZY,INV-RND-6,1000000,DEBIT,Miscellaneous Services,5900,9999,18,0,90000,90000,ERP,1000000,CORP,REGULAR,
TXN-2506,2025-12-30,Generic Trading Co 7,27AABCG0006X1ZY,INV-RND-7,500000,DEBIT,Miscellaneous Services,5900,9999,18,0,45000,45000,ERP,500000,CORP,REGULAR,
TXN-2507,2026-01-14,Generic Trading Co 8,27AABCG0007X1ZY,INV-RND-8,1000000,DEBIT,Miscellaneous Services,5900,9999,18,0,90000,90000,ERP,1000000,CORP,REGULAR,
TXN-2600,2025-11-01,InnovateTech Labs,29AABCI1111A1ZL,INV-ITL-001,1250000,DEBIT,Research & Development Product Innovation Lab,5400,9983,18,0,112500,112500,ERP,1300000,TECH,MSME,
TXN-2700,2025-10-01,QuickParts MSME,24AABCQ3456K1ZN,INV-QP-001,75000,DEBIT,Office Supplies,5200,9990,18,0,6750,6750,ERP,75000,CORP,MSME,
TXN-2701,2025-10-06,SmallBiz Supplies,27AABCS9999M2ZT,INV-SB-001,85000,DEBIT,Office Supplies,5200,9990,18,0,7650,7650,ERP,85000,CORP,MSME,
TXN-2702,2025-10-11,LocalVendor MSME,29AABCL2222N3ZU,INV-LV-001,180000,DEBIT,Office Supplies,5200,9990,18,0,16200,16200,ERP,180000,CORP,MSME,
TXN-3000,2025-10-31,Reliance Industries,27AAACR4849E1ZU,INV-3000-A,63369,DEBIT,Business Services,5100,9983,18,0,5703,5703,ERP,69705,CORP,REGULAR,
TXN-3001,2025-11-01,Hindustan Unilever,27AAACH4714N1ZU,INV-3001-A,18112,DEBIT,Business Services,5100,9983,18,0,1630,1630,ERP,19923,CORP,REGULAR,
TXN-3002,2025-11-02,HDFC Bank Charges,27AAACH2702H1ZF,INV-3002-A,149194,DEBIT,Business Services,5100,9983,18,0,13427,13427,ERP,164113,CORP,REGULAR,
TXN-3003,2025-11-03,ICICI Bank Services,27AAACI0263C1ZN,INV-3003-A,133393,DEBIT,Business Services,5100,9983,18,0,12005,12005,ERP,146732,CORP,REGULAR,
TXN-3004,2025-11-04,Axis Bank Services,27AAACA1234B1ZL,INV-3004-A,122026,DEBIT,Business Services,5100,9983,18,0,10982,10982,ERP,134228,CORP,REGULAR,
TXN-3005,2025-11-05,Mahindra & Mahindra,27AAACM3025F1ZT,INV-3005-A,78158,DEBIT,Business Services,5100,9983,18,0,7034,7034,ERP,85973,CORP,REGULAR,
TXN-3006,2025-11-06,L&T Engineering,27AABCL0001A1ZX,INV-3006-A,58736,DEBIT,Business Services,5100,9983,18,0,5286,5286,ERP,64609,CORP,REGULAR,
TXN-3007,2025-11-07,Bajaj Auto Ltd,27AAACB3834M1ZU,INV-3007-A,290929,DEBIT,Business Services,5100,9983,18,0,26184,26184,ERP,320021,CORP,REGULAR,
TXN-3008,2025-11-08,Sun Pharma,27AAACS4699J1ZY,INV-3008-A,50580,DEBIT,Business Services,5100,9983,18,0,4552,4552,ERP,55638,CORP,REGULAR,
TXN-3009,2025-11-09,Asian Paints,27AAACA8945P1ZM,INV-3009-A,226208,DEBIT,Business Services,5100,9983,18,0,20359,20359,ERP,248828,CORP,REGULAR,
TXN-3010,2025-11-10,Reliance Industries,27AAACR4849E1ZU,INV-3010-A,21663,DEBIT,Business Services,5100,9983,18,0,1950,1950,ERP,23829,CORP,REGULAR,
TXN-3011,2025-11-11,Hindustan Unilever,27AAACH4714N1ZU,INV-3011-A,20622,DEBIT,Business Services,5100,9983,18,0,1856,1856,ERP,22684,CORP,REGULAR,
TXN-3012,2025-11-12,HDFC Bank Charges,27AAACH2702H1ZF,INV-3012-A,54123,DEBIT,Business Services,5100,9983,18,0,4871,4871,ERP,59535,CORP,REGULAR,
TXN-3013,2025-11-13,ICICI Bank Services,27AAACI0263C1ZN,INV-3013-A,119629,DEBIT,Business Services,5100,9983,18,0,10767,10767,ERP,131591,CORP,REGULAR,
TXN-3014,2025-11-14,Axis Bank Services,27AAACA1234B1ZL,INV-3014-A,126981,DEBIT,Business Services,5100,9983,18,0,11428,11428,ERP,139679,CORP,REGULAR,
TXN-3015,2025-11-15,Mahindra & Mahindra,27AAACM3025F1ZT,INV-3015-A,269951,DEBIT,Business Services,5100,9983,18,0,24296,24296,ERP,296946,CORP,REGULAR,
TXN-3016,2025-11-16,L&T Engineering,27AABCL0001A1ZX,INV-3016-A,18912,DEBIT,Business Services,5100,9983,18,0,1702,1702,ERP,20803,CORP,REGULAR,
TXN-3017,2025-11-17,Bajaj Auto Ltd,27AAACB3834M1ZU,INV-3017-A,299254,DEBIT,Business Services,5100,9983,18,0,26933,26933,ERP,329179,CORP,REGULAR,
TXN-3018,2025-11-18,Sun Pharma,27AAACS4699J1ZY,INV-3018-A,109248,DEBIT,Business Services,5100,9983,18,0,9832,9832,ERP,120172,CORP,REGULAR,
TXN-3019,2025-11-19,Asian Paints,27AAACA8945P1ZM,INV-3019-A,290706,DEBIT,Business Services,5100,9983,18,0,26164,26164,ERP,319776,CORP,REGULAR,
TXN-3020,2025-11-20,Reliance Industries,27AAACR4849E1ZU,INV-3020-A,224949,DEBIT,Business Services,5100,9983,18,0,20245,20245,ERP,247443,CORP,REGULAR,
TXN-3021,2025-11-21,Hindustan Unilever,27AAACH4714N1ZU,INV-3021-A,120574,DEBIT,Business Services,5100,9983,18,0,10852,10852,ERP,132631,CORP,REGULAR,
TXN-3022,2025-11-22,HDFC Bank Charges,27AAACH2702H1ZF,INV-3022-A,240514,DEBIT,Business Services,5100,9983,18,0,21646,21646,ERP,264565,CORP,REGULAR,
TXN-3023,2025-11-23,ICICI Bank Services,27AAACI0263C1ZN,INV-3023-A,150852,DEBIT,Business Services,5100,9983,18,0,13577,13577,ERP,165937,CORP,REGULAR,
TXN-3024,2025-11-24,Axis Bank Services,27AAACA1234B1ZL,INV-3024-A,8407,DEBIT,Business Services,5100,9983,18,0,757,757,ERP,9247,CORP,REGULAR,
TXN-3025,2025-11-25,Mahindra & Mahindra,27AAACM3025F1ZT,INV-3025-A,88707,DEBIT,Business Services,5100,9983,18,0,7984,7984,ERP,97577,CORP,REGULAR,
TXN-3026,2025-11-26,L&T Engineering,27AABCL0001A1ZX,INV-3026-A,226571,DEBIT,Business Services,5100,9983,18,0,20391,20391,ERP,249228,CORP,REGULAR,
TXN-3027,2025-11-27,Bajaj Auto Ltd,27AAACB3834M1ZU,INV-3027-A,183389,DEBIT,Business Services,5100,9983,18,0,16505,16505,ERP,201727,CORP,REGULAR,
TXN-3028,2025-11-28,Sun Pharma,27AAACS4699J1ZY,INV-3028-A,150684,DEBIT,Business Services,5100,9983,18,0,13562,13562,ERP,165752,CORP,REGULAR,
TXN-3029,2025-11-29,Asian Paints,27AAACA8945P1ZM,INV-3029-A,86516,DEBIT,Business Services,5100,9983,18,0,7786,7786,ERP,95167,CORP,REGULAR,
TXN-3030,2025-11-30,Reliance Industries,27AAACR4849E1ZU,INV-3030-A,117886,DEBIT,Business Services,5100,9983,18,0,10610,10610,ERP,129674,CORP,REGULAR,
TXN-3031,2025-12-01,Hindustan Unilever,27AAACH4714N1ZU,INV-3031-A,181472,DEBIT,Business Services,5100,9983,18,0,16332,16332,ERP,199619,CORP,REGULAR,
TXN-3032,2025-12-02,HDFC Bank Charges,27AAACH2702H1ZF,INV-3032-A,58587,DEBIT,Business Services,5100,9983,18,0,5273,5273,ERP,64445,CORP,REGULAR,
TXN-3033,2025-12-03,ICICI Bank Services,27AAACI0263C1ZN,INV-3033-A,53625,DEBIT,Business Services,5100,9983,18,0,4826,4826,ERP,58987,CORP,REGULAR,
TXN-3034,2025-12-04,Axis Bank Services,27AAACA1234B1ZL,INV-3034-A,204191,DEBIT,Business Services,5100,9983,18,0,18377,18377,ERP,224610,CORP,REGULAR,
TXN-3035,2025-12-05,Mahindra & Mahindra,27AAACM3025F1ZT,INV-3035-A,55707,DEBIT,Business Services,5100,9983,18,0,5014,5014,ERP,61277,CORP,REGULAR,
TXN-3036,2025-12-06,L&T Engineering,27AABCL0001A1ZX,INV-3036-A,193208,DEBIT,Business Services,5100,9983,18,0,17389,17389,ERP,212528,CORP,REGULAR,
TXN-3037,2025-12-07,Bajaj Auto Ltd,27AAACB3834M1ZU,INV-3037-A,185331,DEBIT,Business Services,5100,9983,18,0,16680,16680,ERP,203864,CORP,REGULAR,
TXN-3038,2025-12-08,Sun Pharma,27AAACS4699J1ZY,INV-3038-A,143685,DEBIT,Business Services,5100,9983,18,0,12932,12932,ERP,158053,CORP,REGULAR,
TXN-3039,2025-12-09,Asian Paints,27AAACA8945P1ZM,INV-3039-A,27780,DEBIT,Business Services,5100,9983,18,0,2500,2500,ERP,30558,CORP,REGULAR,
TXN-3040,2025-12-10,Reliance Industries,27AAACR4849E1ZU,INV-3040-A,245870,DEBIT,Business Services,5100,9983,18,0,22128,22128,ERP,270457,CORP,REGULAR,
TXN-3041,2025-12-11,Hindustan Unilever,27AAACH4714N1ZU,INV-3041-A,286137,DEBIT,Business Services,5100,9983,18,0,25752,25752,ERP,314750,CORP,REGULAR,
TXN-3042,2025-12-12,HDFC Bank Charges,27AAACH2702H1ZF,INV-3042-A,70444,DEBIT,Business Services,5100,9983,18,0,6340,6340,ERP,77488,CORP,REGULAR,
TXN-3043,2025-12-13,ICICI Bank Services,27AAACI0263C1ZN,INV-3043-A,203461,DEBIT,Business Services,5100,9983,18,0,18311,18311,ERP,223807,CORP,REGULAR,
TXN-3044,2025-12-14,Axis Bank Services,27AAACA1234B1ZL,INV-3044-A,46313,DEBIT,Business Services,5100,9983,18,0,4168,4168,ERP,50944,CORP,REGULAR,
TXN-3045,2025-12-15,Mahindra & Mahindra,27AAACM3025F1ZT,INV-3045-A,294428,DEBIT,Business Services,5100,9983,18,0,26499,26499,ERP,323870,CORP,REGULAR,
TXN-3046,2025-12-16,L&T Engineering,27AABCL0001A1ZX,INV-3046-A,158709,DEBIT,Business Services,5100,9983,18,0,14284,14284,ERP,174579,CORP,REGULAR,
TXN-3047,2025-12-17,Bajaj Auto Ltd,27AAACB3834M1ZU,INV-3047-A,194600,DEBIT,Business Services,5100,9983,18,0,17514,17514,ERP,214060,CORP,REGULAR,
TXN-3048,2025-12-18,Sun Pharma,27AAACS4699J1ZY,INV-3048-A,105814,DEBIT,Business Services,5100,9983,18,0,9523,9523,ERP,116395,CORP,REGULAR,
TXN-3049,2025-12-19,Asian Paints,27AAACA8945P1ZM,INV-3049-A,41466,DEBIT,Business Services,5100,9983,18,0,3732,3732,ERP,45612,CORP,REGULAR,
TXN-3050,2025-12-20,Reliance Industries,27AAACR4849E1ZU,INV-3050-A,29025,DEBIT,Business Services,5100,9983,18,0,2612,2612,ERP,31927,CORP,REGULAR,
TXN-3051,2025-12-21,Hindustan Unilever,27AAACH4714N1ZU,INV-3051-A,124484,DEBIT,Business Services,5100,9983,18,0,11204,11204,ERP,136932,CORP,REGULAR,
TXN-3052,2025-12-22,HDFC Bank Charges,27AAACH2702H1ZF,INV-3052-A,156722,DEBIT,Business Services,5100,9983,18,0,14105,14105,ERP,172394,CORP,REGULAR,
TXN-3053,2025-12-23,ICICI Bank Services,27AAACI0263C1ZN,INV-3053-A,46833,DEBIT,Business Services,5100,9983,18,0,4215,4215,ERP,51516,CORP,REGULAR,
TXN-3054,2025-12-24,Axis Bank Services,27AAACA1234B1ZL,INV-3054-A,127049,DEBIT,Business Services,5100,9983,18,0,11434,11434,ERP,139753,CORP,REGULAR,
TXN-3055,2025-12-25,Mahindra & Mahindra,27AAACM3025F1ZT,INV-3055-A,57953,DEBIT,Business Services,5100,9983,18,0,5216,5216,ERP,63748,CORP,REGULAR,
TXN-3056,2025-12-26,L&T Engineering,27AABCL0001A1ZX,INV-3056-A,204295,DEBIT,Business Services,5100,9983,18,0,18387,18387,ERP,224724,CORP,REGULAR,
TXN-3057,2025-12-27,Bajaj Auto Ltd,27AAACB3834M1ZU,INV-3057-A,150738,DEBIT,Business Services,5100,9983,18,0,13566,13566,ERP,165811,CORP,REGULAR,
TXN-3058,2025-12-28,Sun Pharma,27AAACS4699J1ZY,INV-3058-A,242717,DEBIT,Business Services,5100,9983,18,0,21845,21845,ERP,266988,CORP,REGULAR,
TXN-3059,2025-12-29,Asian Paints,27AAACA8945P1ZM,INV-3059-A,196277,DEBIT,Business Services,5100,9983,18,0,17665,17665,ERP,215904,CORP,REGULAR,
TXN-3060,2025-10-01,Reliance Industries,27AAACR4849E1ZU,INV-3060-A,90277,DEBIT,Business Services,5100,9983,18,0,8125,8125,ERP,99304,CORP,REGULAR,
TXN-3061,2025-10-02,Hindustan Unilever,27AAACH4714N1ZU,INV-3061-A,199081,DEBIT,Business Services,5100,9983,18,0,17917,17917,ERP,218989,CORP,REGULAR,
TXN-3062,2025-10-03,HDFC Bank Charges,27AAACH2702H1ZF,INV-3062-A,191264,DEBIT,Business Services,5100,9983,18,0,17214,17214,ERP,210390,CORP,REGULAR,
TXN-3063,2025-10-04,ICICI Bank Services,27AAACI0263C1ZN,INV-3063-A,114842,DEBIT,Business Services,5100,9983,18,0,10336,10336,ERP,126326,CORP,REGULAR,
TXN-3064,2025-10-05,Axis Bank Services,27AAACA1234B1ZL,INV-3064-A,144973,DEBIT,Business Services,5100,9983,18,0,13048,13048,ERP,159470,CORP,REGULAR,
TXN-3065,2025-10-06,Mahindra & Mahindra,27AAACM3025F1ZT,INV-3065-A,42435,DEBIT,Business Services,5100,9983,18,0,3819,3819,ERP,46678,CORP,REGULAR,
TXN-3066,2025-10-07,L&T Engineering,27AABCL0001A1ZX,INV-3066-A,94725,DEBIT,Business Services,5100,9983,18,0,8525,8525,ERP,104197,CORP,REGULAR,
TXN-3067,2025-10-08,Bajaj Auto Ltd,27AAACB3834M1ZU,INV-3067-A,285043,DEBIT,Business Services,5100,9983,18,0,25654,25654,ERP,313547,CORP,REGULAR,
TXN-3068,2025-10-09,Sun Pharma,27AAACS4699J1ZY,INV-3068-A,133351,DEBIT,Business Services,5100,9983,18,0,12002,12002,ERP,146686,CORP,REGULAR,
TXN-3069,2025-10-10,Asian Paints,27AAACA8945P1ZM,INV-3069-A,90669,DEBIT,Business Services,5100,9983,18,0,8160,8160,ERP,99735,CORP,REGULAR,
TXN-3070,2025-10-11,Reliance Industries,27AAACR4849E1ZU,INV-3070-A,247357,DEBIT,Business Services,5100,9983,18,0,22262,22262,ERP,272092,CORP,REGULAR,
TXN-3071,2025-10-12,Hindustan Unilever,27AAACH4714N1ZU,INV-3071-A,203943,DEBIT,Business Services,5100,9983,18,0,18355,18355,ERP,224337,CORP,REGULAR,
TXN-3072,2025-10-13,HDFC Bank Charges,27AAACH2702H1ZF,INV-3072-A,146530,DEBIT,Business Services,5100,9983,18,0,13188,13188,ERP,161183,CORP,REGULAR,
TXN-3073,2025-10-14,ICICI Bank Services,27AAACI0263C1ZN,INV-3073-A,297002,DEBIT,Business Services,5100,9983,18,0,26730,26730,ERP,326702,CORP,REGULAR,
TXN-3074,2025-10-15,Axis Bank Services,27AAACA1234B1ZL,INV-3074-A,120141,DEBIT,Business Services,5100,9983,18,0,10813,10813,ERP,132155,CORP,REGULAR,
TXN-3075,2025-10-16,Mahindra & Mahindra,27AAACM3025F1ZT,INV-3075-A,175017,DEBIT,Business Services,5100,9983,18,0,15752,15752,ERP,192518,CORP,REGULAR,
TXN-3076,2025-10-17,L&T Engineering,27AABCL0001A1ZX,INV-3076-A,34327,DEBIT,Business Services,5100,9983,18,0,3089,3089,ERP,37759,CORP,REGULAR,
TXN-3077,2025-10-18,Bajaj Auto Ltd,27AAACB3834M1ZU,INV-3077-A,125087,DEBIT,Business Services,5100,9983,18,0,11258,11258,ERP,137595,CORP,REGULAR,
TXN-3078,2025-10-19,Sun Pharma,27AAACS4699J1ZY,INV-3078-A,21829,DEBIT,Business Services,5100,9983,18,0,1965,1965,ERP,24011,CORP,REGULAR,
TXN-3079,2025-10-20,Asian Paints,27AAACA8945P1ZM,INV-3079-A,170388,DEBIT,Business Services,5100,9983,18,0,15335,15335,ERP,187426,CORP,REGULAR,
TXN-3080,2025-10-21,Reliance Industries,27AAACR4849E1ZU,INV-3080-A,215325,DEBIT,Business Services,5100,9983,18,0,19379,19379,ERP,236857,CORP,REGULAR,
TXN-3081,2025-10-22,Hindustan Unilever,27AAACH4714N1ZU,INV-3081-A,145373,DEBIT,Business Services,5100,9983,18,0,13084,13084,ERP,159910,CORP,REGULAR,
TXN-3082,2025-10-23,HDFC Bank Charges,27AAACH2702H1ZF,INV-3082-A,39701,DEBIT,Business Services,5100,9983,18,0,3573,3573,ERP,43671,CORP,REGULAR,
TXN-3083,2025-10-24,ICICI Bank Services,27AAACI0263C1ZN,INV-3083-A,115615,DEBIT,Business Services,5100,9983,18,0,10405,10405,ERP,127176,CORP,REGULAR,
TXN-3084,2025-10-25,Axis Bank Services,27AAACA1234B1ZL,INV-3084-A,169981,DEBIT,Business Services,5100,9983,18,0,15298,15298,ERP,186979,CORP,REGULAR,
TXN-3085,2025-10-26,Mahindra & Mahindra,27AAACM3025F1ZT,INV-3085-A,116477,DEBIT,Business Services,5100,9983,18,0,10483,10483,ERP,128124,CORP,REGULAR,
TXN-3086,2025-10-27,L&T Engineering,27AABCL0001A1ZX,INV-3086-A,266740,DEBIT,Business Services,5100,9983,18,0,24007,24007,ERP,293414,CORP,REGULAR,
TXN-3087,2025-10-28,Bajaj Auto Ltd,27AAACB3834M1ZU,INV-3087-A,212425,DEBIT,Business Services,5100,9983,18,0,19118,19118,ERP,233667,CORP,REGULAR,
TXN-3088,2025-10-29,Sun Pharma,27AAACS4699J1ZY,INV-3088-A,245570,DEBIT,Business Services,5100,9983,18,0,22101,22101,ERP,270127,CORP,REGULAR,
TXN-3089,2025-10-30,Asian Paints,27AAACA8945P1ZM,INV-3089-A,79905,DEBIT,Business Services,5100,9983,18,0,7191,7191,ERP,87895,CORP,REGULAR,
TXN-3090,2025-10-31,Reliance Industries,27AAACR4849E1ZU,INV-3090-A,143873,DEBIT,Business Services,5100,9983,18,0,12949,12949,ERP,158260,CORP,REGULAR,
TXN-3091,2025-11-01,Hindustan Unilever,27AAACH4714N1ZU,INV-3091-A,78206,DEBIT,Business Services,5100,9983,18,0,7039,7039,ERP,86026,CORP,REGULAR,
TXN-3092,2025-11-02,HDFC Bank Charges,27AAACH2702H1ZF,INV-3092-A,134303,DEBIT,Business Services,5100,9983,18,0,12087,12087,ERP,147733,CORP,REGULAR,
TXN-3093,2025-11-03,ICICI Bank Services,27AAACI0263C1ZN,INV-3093-A,299318,DEBIT,Business Services,5100,9983,18,0,26939,26939,ERP,329249,CORP,REGULAR,
TXN-3094,2025-11-04,Axis Bank Services,27AAACA1234B1ZL,INV-3094-A,287579,DEBIT,Business Services,5100,9983,18,0,25882,25882,ERP,316336,CORP,REGULAR,
TXN-3095,2025-11-05,Mahindra & Mahindra,27AAACM3025F1ZT,INV-3095-A,142752,DEBIT,Business Services,5100,9983,18,0,12848,12848,ERP,157027,CORP,REGULAR,
TXN-3096,2025-11-06,L&T Engineering,27AABCL0001A1ZX,INV-3096-A,229622,DEBIT,Business Services,5100,9983,18,0,20666,20666,ERP,252584,CORP,REGULAR,
TXN-3097,2025-11-07,Bajaj Auto Ltd,27AAACB3834M1ZU,INV-3097-A,214400,DEBIT,Business Services,5100,9983,18,0,19296,19296,ERP,235840,CORP,REGULAR,
TXN-3098,2025-11-08,Sun Pharma,27AAACS4699J1ZY,INV-3098-A,194790,DEBIT,Business Services,5100,9983,18,0,17531,17531,ERP,214269,CORP,REGULAR,
TXN-3099,2025-11-09,Asian Paints,27AAACA8945P1ZM,INV-3099-A,119987,DEBIT,Business Services,5100,9983,18,0,10799,10799,ERP,131985,CORP,REGULAR,
TXN-3100,2025-11-10,Reliance Industries,27AAACR4849E1ZU,INV-3100-A,77525,DEBIT,Business Services,5100,9983,18,0,6977,6977,ERP,85277,CORP,REGULAR,
TXN-3101,2025-11-11,Hindustan Unilever,27AAACH4714N1ZU,INV-3101-A,272138,DEBIT,Business Services,5100,9983,18,0,24492,24492,ERP,299351,CORP,REGULAR,
TXN-3102,2025-11-12,HDFC Bank Charges,27AAACH2702H1ZF,INV-3102-A,263744,DEBIT,Business Services,5100,9983,18,0,23737,23737,ERP,290118,CORP,REGULAR,
TXN-3103,2025-11-13,ICICI Bank Services,27AAACI0263C1ZN,INV-3103-A,52662,DEBIT,Business Services,5100,9983,18,0,4740,4740,ERP,57928,CORP,REGULAR,
TXN-3104,2025-11-14,Axis Bank Services,27AAACA1234B1ZL,INV-3104-A,29702,DEBIT,Business Services,5100,9983,18,0,2673,2673,ERP,32672,CORP,REGULAR,
TXN-3105,2025-11-15,Mahindra & Mahindra,27AAACM3025F1ZT,INV-3105-A,62487,DEBIT,Business Services,5100,9983,18,0,5624,5624,ERP,68735,CORP,REGULAR,
TXN-3106,2025-11-16,L&T Engineering,27AABCL0001A1ZX,INV-3106-A,85132,DEBIT,Business Services,5100,9983,18,0,7662,7662,ERP,93645,CORP,REGULAR,
TXN-3107,2025-11-17,Bajaj Auto Ltd,27AAACB3834M1ZU,INV-3107-A,88876,DEBIT,Business Services,5100,9983,18,0,7999,7999,ERP,97763,CORP,REGULAR,
TXN-3108,2025-11-18,Sun Pharma,27AAACS4699J1ZY,INV-3108-A,226333,DEBIT,Business Services,5100,9983,18,0,20370,20370,ERP,248966,CORP,REGULAR,
TXN-3109,2025-11-19,Asian Paints,27AAACA8945P1ZM,INV-3109-A,38306,DEBIT,Business Services,5100,9983,18,0,3448,3448,ERP,42136,CORP,REGULAR,
TXN-3110,2025-11-20,Reliance Industries,27AAACR4849E1ZU,INV-3110-A,206728,DEBIT,Business Services,5100,9983,18,0,18606,18606,ERP,227400,CORP,REGULAR,
TXN-3111,2025-11-21,Hindustan Unilever,27AAACH4714N1ZU,INV-3111-A,205078,DEBIT,Business Services,5100,9983,18,0,18457,18457,ERP,225585,CORP,REGULAR,
TXN-3112,2025-11-22,HDFC Bank Charges,27AAACH2702H1ZF,INV-3112-A,250392,DEBIT,Business Services,5100,9983,18,0,22535,22535,ERP,275431,CORP,REGULAR,
TXN-3113,2025-11-23,ICICI Bank Services,27AAACI0263C1ZN,INV-3113-A,282408,DEBIT,Business Services,5100,9983,18,0,25417,25417,ERP,310648,CORP,REGULAR,
TXN-3114,2025-11-24,Axis Bank Services,27AAACA1234B1ZL,INV-3114-A,136813,DEBIT,Business Services,5100,9983,18,0,12313,12313,ERP,150494,CORP,REGULAR,
TXN-3115,2025-11-25,Mahindra & Mahindra,27AAACM3025F1ZT,INV-3115-A,295049,DEBIT,Business Services,5100,9983,18,0,26554,26554,ERP,324553,CORP,REGULAR,
TXN-3116,2025-11-26,L&T Engineering,27AABCL0001A1ZX,INV-3116-A,11019,DEBIT,Business Services,5100,9983,18,0,992,992,ERP,12120,CORP,REGULAR,
TXN-3117,2025-11-27,Bajaj Auto Ltd,27AAACB3834M1ZU,INV-3117-A,65058,DEBIT,Business Services,5100,9983,18,0,5855,5855,ERP,71563,CORP,REGULAR,
TXN-3118,2025-11-28,Sun Pharma,27AAACS4699J1ZY,INV-3118-A,286527,DEBIT,Business Services,5100,9983,18,0,25787,25787,ERP,315179,CORP,REGULAR,
TXN-3119,2025-11-29,Asian Paints,27AAACA8945P1ZM,INV-3119-A,144893,DEBIT,Business Services,5100,9983,18,0,13040,13040,ERP,159382,CORP,REGULAR,
TXN-3120,2025-11-30,Reliance Industries,27AAACR4849E1ZU,INV-3120-A,183349,DEBIT,Business Services,5100,9983,18,0,16501,16501,ERP,201683,CORP,REGULAR,
TXN-3121,2025-12-01,Hindustan Unilever,27AAACH4714N1ZU,INV-3121-A,63485,DEBIT,Business Services,5100,9983,18,0,5714,5714,ERP,69833,CORP,REGULAR,
TXN-3122,2025-12-02,HDFC Bank Charges,27AAACH2702H1ZF,INV-3122-A,158878,DEBIT,Business Services,5100,9983,18,0,14299,14299,ERP,174765,CORP,REGULAR,
TXN-3123,2025-12-03,ICICI Bank Services,27AAACI0263C1ZN,INV-3123-A,232942,DEBIT,Business Services,5100,9983,18,0,20965,20965,ERP,256236,CORP,REGULAR,
TXN-3124,2025-12-04,Axis Bank Services,27AAACA1234B1ZL,INV-3124-A,87920,DEBIT,Business Services,5100,9983,18,0,7913,7913,ERP,96712,CORP,REGULAR,
TXN-3125,2025-12-05,Mahindra & Mahindra,27AAACM3025F1ZT,INV-3125-A,242881,DEBIT,Business Services,5100,9983,18,0,21859,21859,ERP,267169,CORP,REGULAR,
TXN-3126,2025-12-06,L&T Engineering,27AABCL0001A1ZX,INV-3126-A,6701,DEBIT,Business Services,5100,9983,18,0,603,603,ERP,7371,CORP,REGULAR,
TXN-3127,2025-12-07,Bajaj Auto Ltd,27AAACB3834M1ZU,INV-3127-A,143091,DEBIT,Business Services,5100,9983,18,0,12878,12878,ERP,157400,CORP,REGULAR,
TXN-3128,2025-12-08,Sun Pharma,27AAACS4699J1ZY,INV-3128-A,267451,DEBIT,Business Services,5100,9983,18,0,24071,24071,ERP,294196,CORP,REGULAR,
TXN-3129,2025-12-09,Asian Paints,27AAACA8945P1ZM,INV-3129-A,98665,DEBIT,Business Services,5100,9983,18,0,8880,8880,ERP,108531,CORP,REGULAR,
TXN-3130,2025-12-10,Reliance Industries,27AAACR4849E1ZU,INV-3130-A,271171,DEBIT,Business Services,5100,9983,18,0,24405,24405,ERP,298288,CORP,REGULAR,
TXN-3131,2025-12-11,Hindustan Unilever,27AAACH4714N1ZU,INV-3131-A,60789,DEBIT,Business Services,5100,9983,18,0,5471,5471,ERP,66867,CORP,REGULAR,
TXN-3132,2025-12-12,HDFC Bank Charges,27AAACH2702H1ZF,INV-3132-A,161471,DEBIT,Business Services,5100,9983,18,0,14532,14532,ERP,177618,CORP,REGULAR,
TXN-3133,2025-12-13,ICICI Bank Services,27AAACI0263C1ZN,INV-3133-A,271161,DEBIT,Business Services,5100,9983,18,0,24404,24404,ERP,298277,CORP,REGULAR,
TXN-3134,2025-12-14,Axis Bank Services,27AAACA1234B1ZL,INV-3134-A,109286,DEBIT,Business Services,5100,9983,18,0,9836,9836,ERP,120214,CORP,REGULAR,
TXN-3135,2025-12-15,Mahindra & Mahindra,27AAACM3025F1ZT,INV-3135-A,85131,DEBIT,Business Services,5100,9983,18,0,7662,7662,ERP,93644,CORP,REGULAR,
TXN-3136,2025-12-16,L&T Engineering,27AABCL0001A1ZX,INV-3136-A,201038,DEBIT,Business Services,5100,9983,18,0,18093,18093,ERP,221141,CORP,REGULAR,
TXN-3137,2025-12-17,Bajaj Auto Ltd,27AAACB3834M1ZU,INV-3137-A,89698,DEBIT,Business Services,5100,9983,18,0,8073,8073,ERP,98667,CORP,REGULAR,
TXN-3138,2025-12-18,Sun Pharma,27AAACS4699J1ZY,INV-3138-A,287789,DEBIT,Business Services,5100,9983,18,0,25901,25901,ERP,316567,CORP,REGULAR,
TXN-3139,2025-12-19,Asian Paints,27AAACA8945P1ZM,INV-3139-A,283058,DEBIT,Business Services,5100,9983,18,0,25475,25475,ERP,311363,CORP,REGULAR,
TXN-3140,2025-12-20,Reliance Industries,27AAACR4849E1ZU,INV-3140-A,5299,DEBIT,Business Services,5100,9983,18,0,477,477,ERP,5828,CORP,REGULAR,
TXN-3141,2025-12-21,Hindustan Unilever,27AAACH4714N1ZU,INV-3141-A,174951,DEBIT,Business Services,5100,9983,18,0,15746,15746,ERP,192446,CORP,REGULAR,
TXN-3142,2025-12-22,HDFC Bank Charges,27AAACH2702H1ZF,INV-3142-A,261170,DEBIT,Business Services,5100,9983,18,0,23505,23505,ERP,287287,CORP,REGULAR,
TXN-3143,2025-12-23,ICICI Bank Services,27AAACI0263C1ZN,INV-3143-A,15211,DEBIT,Business Services,5100,9983,18,0,1369,1369,ERP,16732,CORP,REGULAR,
TXN-3144,2025-12-24,Axis Bank Services,27AAACA1234B1ZL,INV-3144-A,63650,DEBIT,Business Services,5100,9983,18,0,5728,5728,ERP,70015,CORP,REGULAR,
TXN-3145,2025-12-25,Mahindra & Mahindra,27AAACM3025F1ZT,INV-3145-A,195306,DEBIT,Business Services,5100,9983,18,0,17578,17578,ERP,214836,CORP,REGULAR,
TXN-3146,2025-12-26,L&T Engineering,27AABCL0001A1ZX,INV-3146-A,166225,DEBIT,Business Services,5100,9983,18,0,14960,14960,ERP,182847,CORP,REGULAR,
TXN-3147,2025-12-27,Bajaj Auto Ltd,27AAACB3834M1ZU,INV-3147-A,130541,DEBIT,Business Services,5100,9983,18,0,11749,11749,ERP,143595,CORP,REGULAR,
TXN-3148,2025-12-28,Sun Pharma,27AAACS4699J1ZY,INV-3148-A,35369,DEBIT,Business Services,5100,9983,18,0,3183,3183,ERP,38905,CORP,REGULAR,
TXN-3149,2025-12-29,Asian Paints,27AAACA8945P1ZM,INV-3149-A,131286,DEBIT,Business Services,5100,9983,18,0,11816,11816,ERP,144414,CORP,REGULAR,
TXN-3150,2025-10-01,Reliance Industries,27AAACR4849E1ZU,INV-3150-A,46291,DEBIT,Business Services,5100,9983,18,0,4166,4166,ERP,50920,CORP,REGULAR,
TXN-3151,2025-10-02,Hindustan Unilever,27AAACH4714N1ZU,INV-3151-A,49907,DEBIT,Business Services,5100,9983,18,0,4492,4492,ERP,54897,CORP,REGULAR,
TXN-3152,2025-10-03,HDFC Bank Charges,27AAACH2702H1ZF,INV-3152-A,259798,DEBIT,Business Services,5100,9983,18,0,23382,23382,ERP,285777,CORP,REGULAR,
TXN-3153,2025-10-04,ICICI Bank Services,27AAACI0263C1ZN,INV-3153-A,41287,DEBIT,Business Services,5100,9983,18,0,3716,3716,ERP,45415,CORP,REGULAR,
TXN-3154,2025-10-05,Axis Bank Services,27AAACA1234B1ZL,INV-3154-A,284291,DEBIT,Business Services,5100,9983,18,0,25586,25586,ERP,312720,CORP,REGULAR,
TXN-3155,2025-10-06,Mahindra & Mahindra,27AAACM3025F1ZT,INV-3155-A,70934,DEBIT,Business Services,5100,9983,18,0,6384,6384,ERP,78027,CORP,REGULAR,
TXN-3156,2025-10-07,L&T Engineering,27AABCL0001A1ZX,INV-3156-A,72314,DEBIT,Business Services,5100,9983,18,0,6508,6508,ERP,79545,CORP,REGULAR,
TXN-3157,2025-10-08,Bajaj Auto Ltd,27AAACB3834M1ZU,INV-3157-A,254184,DEBIT,Business Services,5100,9983,18,0,22877,22877,ERP,279602,CORP,REGULAR,
TXN-3158,2025-10-09,Sun Pharma,27AAACS4699J1ZY,INV-3158-A,293255,DEBIT,Business Services,5100,9983,18,0,26393,26393,ERP,322580,CORP,REGULAR,
TXN-3159,2025-10-10,Asian Paints,27AAACA8945P1ZM,INV-3159-A,91574,DEBIT,Business Services,5100,9983,18,0,8242,8242,ERP,100731,CORP,REGULAR,
TXN-3160,2025-10-11,Reliance Industries,27AAACR4849E1ZU,INV-3160-A,143966,DEBIT,Business Services,5100,9983,18,0,12957,12957,ERP,158362,CORP,REGULAR,
TXN-3161,2025-10-12,Hindustan Unilever,27AAACH4714N1ZU,INV-3161-A,281653,DEBIT,Business Services,5100,9983,18,0,25349,25349,ERP,309818,CORP,REGULAR,
TXN-3162,2025-10-13,HDFC Bank Charges,27AAACH2702H1ZF,INV-3162-A,226846,DEBIT,Business Services,5100,9983,18,0,20416,20416,ERP,249530,CORP,REGULAR,
TXN-3163,2025-10-14,ICICI Bank Services,27AAACI0263C1ZN,INV-3163-A,116043,DEBIT,Business Services,5100,9983,18,0,10444,10444,ERP,127647,CORP,REGULAR,
TXN-3164,2025-10-15,Axis Bank Services,27AAACA1234B1ZL,INV-3164-A,287746,DEBIT,Business Services,5100,9983,18,0,25897,25897,ERP,316520,CORP,REGULAR,
TXN-3165,2025-10-16,Mahindra & Mahindra,27AAACM3025F1ZT,INV-3165-A,110461,DEBIT,Business Services,5100,9983,18,0,9941,9941,ERP,121507,CORP,REGULAR,
TXN-3166,2025-10-17,L&T Engineering,27AABCL0001A1ZX,INV-3166-A,168429,DEBIT,Business Services,5100,9983,18,0,15159,15159,ERP,185271,CORP,REGULAR,
TXN-3167,2025-10-18,Bajaj Auto Ltd,27AAACB3834M1ZU,INV-3167-A,214186,DEBIT,Business Services,5100,9983,18,0,19277,19277,ERP,235604,CORP,REGULAR,
TXN-3168,2025-10-19,Sun Pharma,27AAACS4699J1ZY,INV-3168-A,200779,DEBIT,Business Services,5100,9983,18,0,18070,18070,ERP,220856,CORP,REGULAR,
TXN-3169,2025-10-20,Asian Paints,27AAACA8945P1ZM,INV-3169-A,234690,DEBIT,Business Services,5100,9983,18,0,21122,21122,ERP,258159,CORP,REGULAR,
TXN-3170,2025-10-21,Reliance Industries,27AAACR4849E1ZU,INV-3170-A,276358,DEBIT,Business Services,5100,9983,18,0,24872,24872,ERP,303993,CORP,REGULAR,
TXN-3171,2025-10-22,Hindustan Unilever,27AAACH4714N1ZU,INV-3171-A,241708,DEBIT,Business Services,5100,9983,18,0,21754,21754,ERP,265878,CORP,REGULAR,
TXN-3172,2025-10-23,HDFC Bank Charges,27AAACH2702H1ZF,INV-3172-A,68441,DEBIT,Business Services,5100,9983,18,0,6160,6160,ERP,75285,CORP,REGULAR,
TXN-3173,2025-10-24,ICICI Bank Services,27AAACI0263C1ZN,INV-3173-A,134973,DEBIT,Business Services,5100,9983,18,0,12148,12148,ERP,148470,CORP,REGULAR,
TXN-3174,2025-10-25,Axis Bank Services,27AAACA1234B1ZL,INV-3174-A,122806,DEBIT,Business Services,5100,9983,18,0,11053,11053,ERP,135086,CORP,REGULAR,
TXN-3175,2025-10-26,Mahindra & Mahindra,27AAACM3025F1ZT,INV-3175-A,38568,DEBIT,Business Services,5100,9983,18,0,3471,3471,ERP,42424,CORP,REGULAR,
TXN-3176,2025-10-27,L&T Engineering,27AABCL0001A1ZX,INV-3176-A,182254,DEBIT,Business Services,5100,9983,18,0,16403,16403,ERP,200479,CORP,REGULAR,
TXN-3177,2025-10-28,Bajaj Auto Ltd,27AAACB3834M1ZU,INV-3177-A,16028,DEBIT,Business Services,5100,9983,18,0,1443,1443,ERP,17630,CORP,REGULAR,
TXN-3178,2025-10-29,Sun Pharma,27AAACS4699J1ZY,INV-3178-A,295414,DEBIT,Business Services,5100,9983,18,0,26587,26587,ERP,324955,CORP,REGULAR,
TXN-3179,2025-10-30,Asian Paints,27AAACA8945P1ZM,INV-3179-A,125646,DEBIT,Business Services,5100,9983,18,0,11308,11308,ERP,138210,CORP,REGULAR,
TXN-3180,2025-10-31,Reliance Industries,27AAACR4849E1ZU,INV-3180-A,120457,DEBIT,Business Services,5100,9983,18,0,10841,10841,ERP,132502,CORP,REGULAR,
TXN-3181,2025-11-01,Hindustan Unilever,27AAACH4714N1ZU,INV-3181-A,8770,DEBIT,Business Services,5100,9983,18,0,789,789,ERP,9647,CORP,REGULAR,
TXN-3182,2025-11-02,HDFC Bank Charges,27AAACH2702H1ZF,INV-3182-A,42220,DEBIT,Business Services,5100,9983,18,0,3800,3800,ERP,46442,CORP,REGULAR,
TXN-3183,2025-11-03,ICICI Bank Services,27AAACI0263C1ZN,INV-3183-A,35866,DEBIT,Business Services,5100,9983,18,0,3228,3228,ERP,39452,CORP,REGULAR,
TXN-3184,2025-11-04,Axis Bank Services,27AAACA1234B1ZL,INV-3184-A,125031,DEBIT,Business Services,5100,9983,18,0,11253,11253,ERP,137534,CORP,REGULAR,
TXN-3185,2025-11-05,Mahindra & Mahindra,27AAACM3025F1ZT,INV-3185-A,40337,DEBIT,Business Services,5100,9983,18,0,3630,3630,ERP,44370,CORP,REGULAR,
TXN-3186,2025-11-06,L&T Engineering,27AABCL0001A1ZX,INV-3186-A,21469,DEBIT,Business Services,5100,9983,18,0,1932,1932,ERP,23615,CORP,REGULAR,
TXN-3187,2025-11-07,Bajaj Auto Ltd,27AAACB3834M1ZU,INV-3187-A,178239,DEBIT,Business Services,5100,9983,18,0,16042,16042,ERP,196062,CORP,REGULAR,
TXN-3188,2025-11-08,Sun Pharma,27AAACS4699J1ZY,INV-3188-A,42149,DEBIT,Business Services,5100,9983,18,0,3793,3793,ERP,46363,CORP,REGULAR,
TXN-3189,2025-11-09,Asian Paints,27AAACA8945P1ZM,INV-3189-A,274565,DEBIT,Business Services,5100,9983,18,0,24711,24711,ERP,302021,CORP,REGULAR,
TXN-3190,2025-11-10,Reliance Industries,27AAACR4849E1ZU,INV-3190-A,129782,DEBIT,Business Services,5100,9983,18,0,11680,11680,ERP,142760,CORP,REGULAR,
TXN-3191,2025-11-11,Hindustan Unilever,27AAACH4714N1ZU,INV-3191-A,151002,DEBIT,Business Services,5100,9983,18,0,13590,13590,ERP,166102,CORP,REGULAR,
TXN-3192,2025-11-12,HDFC Bank Charges,27AAACH2702H1ZF,INV-3192-A,259496,DEBIT,Business Services,5100,9983,18,0,23355,23355,ERP,285445,CORP,REGULAR,
TXN-3193,2025-11-13,ICICI Bank Services,27AAACI0263C1ZN,INV-3193-A,117321,DEBIT,Business Services,5100,9983,18,0,10559,10559,ERP,129053,CORP,REGULAR,
TXN-3194,2025-11-14,Axis Bank Services,27AAACA1234B1ZL,INV-3194-A,287713,DEBIT,Business Services,5100,9983,18,0,25894,25894,ERP,316484,CORP,REGULAR,
TXN-3195,2025-11-15,Mahindra & Mahindra,27AAACM3025F1ZT,INV-3195-A,74369,DEBIT,Business Services,5100,9983,18,0,6693,6693,ERP,81805,CORP,REGULAR,
TXN-3196,2025-11-16,L&T Engineering,27AABCL0001A1ZX,INV-3196-A,252815,DEBIT,Business Services,5100,9983,18,0,22753,22753,ERP,278096,CORP,REGULAR,
TXN-3197,2025-11-17,Bajaj Auto Ltd,27AAACB3834M1ZU,INV-3197-A,132400,DEBIT,Business Services,5100,9983,18,0,11916,11916,ERP,145640,CORP,REGULAR,
TXN-3198,2025-11-18,Sun Pharma,27AAACS4699J1ZY,INV-3198-A,252974,DEBIT,Business Services,5100,9983,18,0,22768,22768,ERP,278271,CORP,REGULAR,
TXN-3199,2025-11-19,Asian Paints,27AAACA8945P1ZM,INV-3199-A,218416,DEBIT,Business Services,5100,9983,18,0,19657,19657,ERP,240257,CORP,REGULAR,
TXN-3200,2025-11-20,Reliance Industries,27AAACR4849E1ZU,INV-3200-A,104829,DEBIT,Business Services,5100,9983,18,0,9435,9435,ERP,115311,CORP,REGULAR,
TXN-3201,2025-11-21,Hindustan Unilever,27AAACH4714N1ZU,INV-3201-A,54453,DEBIT,Business Services,5100,9983,18,0,4901,4901,ERP,59898,CORP,REGULAR,
TXN-3202,2025-11-22,HDFC Bank Charges,27AAACH2702H1ZF,INV-3202-A,55819,DEBIT,Business Services,5100,9983,18,0,5024,5024,ERP,61400,CORP,REGULAR,
TXN-3203,2025-11-23,ICICI Bank Services,27AAACI0263C1ZN,INV-3203-A,230994,DEBIT,Business Services,5100,9983,18,0,20789,20789,ERP,254093,CORP,REGULAR,
TXN-3204,2025-11-24,Axis Bank Services,27AAACA1234B1ZL,INV-3204-A,190753,DEBIT,Business Services,5100,9983,18,0,17168,17168,ERP,209828,CORP,REGULAR,
TXN-3205,2025-11-25,Mahindra & Mahindra,27AAACM3025F1ZT,INV-3205-A,227077,DEBIT,Business Services,5100,9983,18,0,20437,20437,ERP,249784,CORP,REGULAR,
TXN-3206,2025-11-26,L&T Engineering,27AABCL0001A1ZX,INV-3206-A,220535,DEBIT,Business Services,5100,9983,18,0,19848,19848,ERP,242588,CORP,REGULAR,
TXN-3207,2025-11-27,Bajaj Auto Ltd,27AAACB3834M1ZU,INV-3207-A,249855,DEBIT,Business Services,5100,9983,18,0,22487,22487,ERP,274840,CORP,REGULAR,
TXN-3208,2025-11-28,Sun Pharma,27AAACS4699J1ZY,INV-3208-A,33401,DEBIT,Business Services,5100,9983,18,0,3006,3006,ERP,36741,CORP,REGULAR,
TXN-3209,2025-11-29,Asian Paints,27AAACA8945P1ZM,INV-3209-A,56599,DEBIT,Business Services,5100,9983,18,0,5094,5094,ERP,62258,CORP,REGULAR,
TXN-3210,2025-11-30,Reliance Industries,27AAACR4849E1ZU,INV-3210-A,36778,DEBIT,Business Services,5100,9983,18,0,3310,3310,ERP,40455,CORP,REGULAR,
TXN-3211,2025-12-01,Hindustan Unilever,27AAACH4714N1ZU,INV-3211-A,216089,DEBIT,Business Services,5100,9983,18,0,19448,19448,ERP,237697,CORP,REGULAR,
TXN-3212,2025-12-02,HDFC Bank Charges,27AAACH2702H1ZF,INV-3212-A,182892,DEBIT,Business Services,5100,9983,18,0,16460,16460,ERP,201181,CORP,REGULAR,
TXN-3213,2025-12-03,ICICI Bank Services,27AAACI0263C1ZN,INV-3213-A,62288,DEBIT,Business Services,5100,9983,18,0,5606,5606,ERP,68516,CORP,REGULAR,
TXN-3214,2025-12-04,Axis Bank Services,27AAACA1234B1ZL,INV-3214-A,135367,DEBIT,Business Services,5100,9983,18,0,12183,12183,ERP,148903,CORP,REGULAR,
TXN-3215,2025-12-05,Mahindra & Mahindra,27AAACM3025F1ZT,INV-3215-A,105448,DEBIT,Business Services,5100,9983,18,0,9490,9490,ERP,115992,CORP,REGULAR,
TXN-3216,2025-12-06,L&T Engineering,27AABCL0001A1ZX,INV-3216-A,104724,DEBIT,Business Services,5100,9983,18,0,9425,9425,ERP,115196,CORP,REGULAR,
TXN-3217,2025-12-07,Bajaj Auto Ltd,27AAACB3834M1ZU,INV-3217-A,286168,DEBIT,Business Services,5100,9983,18,0,25755,25755,ERP,314784,CORP,REGULAR,
TXN-3218,2025-12-08,Sun Pharma,27AAACS4699J1ZY,INV-3218-A,240202,DEBIT,Business Services,5100,9983,18,0,21618,21618,ERP,264222,CORP,REGULAR,
TXN-3219,2025-12-09,Asian Paints,27AAACA8945P1ZM,INV-3219-A,78495,DEBIT,Business Services,5100,9983,18,0,7065,7065,ERP,86344,CORP,REGULAR,
TXN-3220,2025-12-10,Reliance Industries,27AAACR4849E1ZU,INV-3220-A,226187,DEBIT,Business Services,5100,9983,18,0,20357,20357,ERP,248805,CORP,REGULAR,
TXN-3221,2025-12-11,Hindustan Unilever,27AAACH4714N1ZU,INV-3221-A,101200,DEBIT,Business Services,5100,9983,18,0,9108,9108,ERP,111320,CORP,REGULAR,
TXN-3222,2025-12-12,HDFC Bank Charges,27AAACH2702H1ZF,INV-3222-A,151037,DEBIT,Business Services,5100,9983,18,0,13593,13593,ERP,166140,CORP,REGULAR,
TXN-3223,2025-12-13,ICICI Bank Services,27AAACI0263C1ZN,INV-3223-A,247550,DEBIT,Business Services,5100,9983,18,0,22280,22280,ERP,272305,CORP,REGULAR,
TXN-3224,2025-12-14,Axis Bank Services,27AAACA1234B1ZL,INV-3224-A,135970,DEBIT,Business Services,5100,9983,18,0,12237,12237,ERP,149567,CORP,REGULAR,
TXN-3225,2025-12-15,Mahindra & Mahindra,27AAACM3025F1ZT,INV-3225-A,44523,DEBIT,Business Services,5100,9983,18,0,4007,4007,ERP,48975,CORP,REGULAR,
TXN-3226,2025-12-16,L&T Engineering,27AABCL0001A1ZX,INV-3226-A,237328,DEBIT,Business Services,5100,9983,18,0,21360,21360,ERP,261060,CORP,REGULAR,
TXN-3227,2025-12-17,Bajaj Auto Ltd,27AAACB3834M1ZU,INV-3227-A,293528,DEBIT,Business Services,5100,9983,18,0,26418,26418,ERP,322880,CORP,REGULAR,
TXN-3228,2025-12-18,Sun Pharma,27AAACS4699J1ZY,INV-3228-A,56332,DEBIT,Business Services,5100,9983,18,0,5070,5070,ERP,61965,CORP,REGULAR,
TXN-3229,2025-12-19,Asian Paints,27AAACA8945P1ZM,INV-3229-A,31522,DEBIT,Business Services,5100,9983,18,0,2837,2837,ERP,34674,CORP,REGULAR,
TXN-3230,2025-12-20,Reliance Industries,27AAACR4849E1ZU,INV-3230-A,288423,DEBIT,Business Services,5100,9983,18,0,25958,25958,ERP,317265,CORP,REGULAR,
TXN-3231,2025-12-21,Hindustan Unilever,27AAACH4714N1ZU,INV-3231-A,12737,DEBIT,Business Services,5100,9983,18,0,1146,1146,ERP,14010,CORP,REGULAR,
TXN-3232,2025-12-22,HDFC Bank Charges,27AAACH2702H1ZF,INV-3232-A,53896,DEBIT,Business Services,5100,9983,18,0,4851,4851,ERP,59285,CORP,REGULAR,
TXN-3233,2025-12-23,ICICI Bank Services,27AAACI0263C1ZN,INV-3233-A,128930,DEBIT,Business Services,5100,9983,18,0,11604,11604,ERP,141823,CORP,REGULAR,
TXN-3234,2025-12-24,Axis Bank Services,27AAACA1234B1ZL,INV-3234-A,92194,DEBIT,Business Services,5100,9983,18,0,8297,8297,ERP,101413,CORP,REGULAR,
TXN-3235,2025-12-25,Mahindra & Mahindra,27AAACM3025F1ZT,INV-3235-A,218078,DEBIT,Business Services,5100,9983,18,0,19627,19627,ERP,239885,CORP,REGULAR,
TXN-3236,2025-12-26,L&T Engineering,27AABCL0001A1ZX,INV-3236-A,259615,DEBIT,Business Services,5100,9983,18,0,23365,23365,ERP,285576,CORP,REGULAR,
TXN-3237,2025-12-27,Bajaj Auto Ltd,27AAACB3834M1ZU,INV-3237-A,257370,DEBIT,Business Services,5100,9983,18,0,23163,23163,ERP,283107,CORP,REGULAR,
TXN-3238,2025-12-28,Sun Pharma,27AAACS4699J1ZY,INV-3238-A,117065,DEBIT,Business Services,5100,9983,18,0,10536,10536,ERP,128771,CORP,REGULAR,
TXN-3239,2025-12-29,Asian Paints,27AAACA8945P1ZM,INV-3239-A,215260,DEBIT,Business Services,5100,9983,18,0,19373,19373,ERP,236786,CORP,REGULAR,
TXN-3240,2025-10-01,Reliance Industries,27AAACR4849E1ZU,INV-3240-A,35741,DEBIT,Business Services,5100,9983,18,0,3217,3217,ERP,39315,CORP,REGULAR,
TXN-3241,2025-10-02,Hindustan Unilever,27AAACH4714N1ZU,INV-3241-A,91317,DEBIT,Business Services,5100,9983,18,0,8219,8219,ERP,100448,CORP,REGULAR,
TXN-3242,2025-10-03,HDFC Bank Charges,27AAACH2702H1ZF,INV-3242-A,203691,DEBIT,Business Services,5100,9983,18,0,18332,18332,ERP,224060,CORP,REGULAR,
TXN-3243,2025-10-04,ICICI Bank Services,27AAACI0263C1ZN,INV-3243-A,6130,DEBIT,Business Services,5100,9983,18,0,552,552,ERP,6743,CORP,REGULAR,
TXN-3244,2025-10-05,Axis Bank Services,27AAACA1234B1ZL,INV-3244-A,209693,DEBIT,Business Services,5100,9983,18,0,18872,18872,ERP,230662,CORP,REGULAR,
TXN-3245,2025-10-06,Mahindra & Mahindra,27AAACM3025F1ZT,INV-3245-A,144042,DEBIT,Business Services,5100,9983,18,0,12964,12964,ERP,158446,CORP,REGULAR,
TXN-3246,2025-10-07,L&T Engineering,27AABCL0001A1ZX,INV-3246-A,243555,DEBIT,Business Services,5100,9983,18,0,21920,21920,ERP,267910,CORP,REGULAR,
TXN-3247,2025-10-08,Bajaj Auto Ltd,27AAACB3834M1ZU,INV-3247-A,154552,DEBIT,Business Services,5100,9983,18,0,13910,13910,ERP,170007,CORP,REGULAR,
TXN-3248,2025-10-09,Sun Pharma,27AAACS4699J1ZY,INV-3248-A,226777,DEBIT,Business Services,5100,9983,18,0,20410,20410,ERP,249454,CORP,REGULAR,
TXN-3249,2025-10-10,Asian Paints,27AAACA8945P1ZM,INV-3249-A,296382,DEBIT,Business Services,5100,9983,18,0,26674,26674,ERP,326020,CORP,REGULAR,
TXN-3250,2025-10-11,Reliance Industries,27AAACR4849E1ZU,INV-3250-A,260155,DEBIT,Business Services,5100,9983,18,0,23414,23414,ERP,286170,CORP,REGULAR,
TXN-3251,2025-10-12,Hindustan Unilever,27AAACH4714N1ZU,INV-3251-A,86158,DEBIT,Business Services,5100,9983,18,0,7754,7754,ERP,94773,CORP,REGULAR,
TXN-3252,2025-10-13,HDFC Bank Charges,27AAACH2702H1ZF,INV-3252-A,104561,DEBIT,Business Services,5100,9983,18,0,9410,9410,ERP,115017,CORP,REGULAR,
TXN-3253,2025-10-14,ICICI Bank Services,27AAACI0263C1ZN,INV-3253-A,160560,DEBIT,Business Services,5100,9983,18,0,14450,14450,ERP,176616,CORP,REGULAR,
TXN-3254,2025-10-15,Axis Bank Services,27AAACA1234B1ZL,INV-3254-A,119137,DEBIT,Business Services,5100,9983,18,0,10722,10722,ERP,131050,CORP,REGULAR,
TXN-3255,2025-10-16,Mahindra & Mahindra,27AAACM3025F1ZT,INV-3255-A,35662,DEBIT,Business Services,5100,9983,18,0,3210,3210,ERP,39228,CORP,REGULAR,
TXN-3256,2025-10-17,L&T Engineering,27AABCL0001A1ZX,INV-3256-A,289266,DEBIT,Business Services,5100,9983,18,0,26034,26034,ERP,318192,CORP,REGULAR,
TXN-3257,2025-10-18,Bajaj Auto Ltd,27AAACB3834M1ZU,INV-3257-A,36959,DEBIT,Business Services,5100,9983,18,0,3326,3326,ERP,40654,CORP,REGULAR,
TXN-3258,2025-10-19,Sun Pharma,27AAACS4699J1ZY,INV-3258-A,169419,DEBIT,Business Services,5100,9983,18,0,15248,15248,ERP,186360,CORP,REGULAR,
TXN-3259,2025-10-20,Asian Paints,27AAACA8945P1ZM,INV-3259-A,34971,DEBIT,Business Services,5100,9983,18,0,3147,3147,ERP,38468,CORP,REGULAR,
TXN-3260,2025-10-21,Reliance Industries,27AAACR4849E1ZU,INV-3260-A,31289,DEBIT,Business Services,5100,9983,18,0,2816,2816,ERP,34417,CORP,REGULAR,
TXN-3261,2025-10-22,Hindustan Unilever,27AAACH4714N1ZU,INV-3261-A,254974,DEBIT,Business Services,5100,9983,18,0,22948,22948,ERP,280471,CORP,REGULAR,
TXN-3262,2025-10-23,HDFC Bank Charges,27AAACH2702H1ZF,INV-3262-A,268638,DEBIT,Business Services,5100,9983,18,0,24177,24177,ERP,295501,CORP,REGULAR,
TXN-3263,2025-10-24,ICICI Bank Services,27AAACI0263C1ZN,INV-3263-A,283463,DEBIT,Business Services,5100,9983,18,0,25512,25512,ERP,311809,CORP,REGULAR,
TXN-3264,2025-10-25,Axis Bank Services,27AAACA1234B1ZL,INV-3264-A,87540,DEBIT,Business Services,5100,9983,18,0,7879,7879,ERP,96294,CORP,REGULAR,
TXN-3265,2025-10-26,Mahindra & Mahindra,27AAACM3025F1ZT,INV-3265-A,34821,DEBIT,Business Services,5100,9983,18,0,3134,3134,ERP,38303,CORP,REGULAR,
TXN-3266,2025-10-27,L&T Engineering,27AABCL0001A1ZX,INV-3266-A,271248,DEBIT,Business Services,5100,9983,18,0,24412,24412,ERP,298372,CORP,REGULAR,
TXN-3267,2025-10-28,Bajaj Auto Ltd,27AAACB3834M1ZU,INV-3267-A,47001,DEBIT,Business Services,5100,9983,18,0,4230,4230,ERP,51701,CORP,REGULAR,
TXN-3268,2025-10-29,Sun Pharma,27AAACS4699J1ZY,INV-3268-A,102425,DEBIT,Business Services,5100,9983,18,0,9218,9218,ERP,112667,CORP,REGULAR,
TXN-3269,2025-10-30,Asian Paints,27AAACA8945P1ZM,INV-3269-A,40924,DEBIT,Business Services,5100,9983,18,0,3683,3683,ERP,45016,CORP,REGULAR,
TXN-3270,2025-10-31,Reliance Industries,27AAACR4849E1ZU,INV-3270-A,40631,DEBIT,Business Services,5100,9983,18,0,3657,3657,ERP,44694,CORP,REGULAR,
TXN-3271,2025-11-01,Hindustan Unilever,27AAACH4714N1ZU,INV-3271-A,128314,DEBIT,Business Services,5100,9983,18,0,11548,11548,ERP,141145,CORP,REGULAR,
TXN-3272,2025-11-02,HDFC Bank Charges,27AAACH2702H1ZF,INV-3272-A,216694,DEBIT,Business Services,5100,9983,18,0,19502,19502,ERP,238363,CORP,REGULAR,
TXN-3273,2025-11-03,ICICI Bank Services,27AAACI0263C1ZN,INV-3273-A,67855,DEBIT,Business Services,5100,9983,18,0,6107,6107,ERP,74640,CORP,REGULAR,
TXN-3274,2025-11-04,Axis Bank Services,27AAACA1234B1ZL,INV-3274-A,134087,DEBIT,Business Services,5100,9983,18,0,12068,12068,ERP,147495,CORP,REGULAR,
TXN-3275,2025-11-05,Mahindra & Mahindra,27AAACM3025F1ZT,INV-3275-A,25836,DEBIT,Business Services,5100,9983,18,0,2325,2325,ERP,28419,CORP,REGULAR,
TXN-3276,2025-11-06,L&T Engineering,27AABCL0001A1ZX,INV-3276-A,47982,DEBIT,Business Services,5100,9983,18,0,4318,4318,ERP,52780,CORP,REGULAR,
TXN-3277,2025-11-07,Bajaj Auto Ltd,27AAACB3834M1ZU,INV-3277-A,224794,DEBIT,Business Services,5100,9983,18,0,20231,20231,ERP,247273,CORP,REGULAR,
TXN-3278,2025-11-08,Sun Pharma,27AAACS4699J1ZY,INV-3278-A,279088,DEBIT,Business Services,5100,9983,18,0,25118,25118,ERP,306996,CORP,REGULAR,
TXN-3279,2025-11-09,Asian Paints,27AAACA8945P1ZM,INV-3279-A,170868,DEBIT,Business Services,5100,9983,18,0,15378,15378,ERP,187954,CORP,REGULAR,
TXN-3280,2025-11-10,Reliance Industries,27AAACR4849E1ZU,INV-3280-A,141716,DEBIT,Business Services,5100,9983,18,0,12754,12754,ERP,155887,CORP,REGULAR,
TXN-3281,2025-11-11,Hindustan Unilever,27AAACH4714N1ZU,INV-3281-A,112090,DEBIT,Business Services,5100,9983,18,0,10088,10088,ERP,123299,CORP,REGULAR,
TXN-3282,2025-11-12,HDFC Bank Charges,27AAACH2702H1ZF,INV-3282-A,169722,DEBIT,Business Services,5100,9983,18,0,15275,15275,ERP,186694,CORP,REGULAR,
TXN-3283,2025-11-13,ICICI Bank Services,27AAACI0263C1ZN,INV-3283-A,130140,DEBIT,Business Services,5100,9983,18,0,11713,11713,ERP,143154,CORP,REGULAR,
TXN-3284,2025-11-14,Axis Bank Services,27AAACA1234B1ZL,INV-3284-A,144258,DEBIT,Business Services,5100,9983,18,0,12983,12983,ERP,158683,CORP,REGULAR,
TXN-3285,2025-11-15,Mahindra & Mahindra,27AAACM3025F1ZT,INV-3285-A,212505,DEBIT,Business Services,5100,9983,18,0,19125,19125,ERP,233755,CORP,REGULAR,
TXN-3286,2025-11-16,L&T Engineering,27AABCL0001A1ZX,INV-3286-A,73617,DEBIT,Business Services,5100,9983,18,0,6626,6626,ERP,80978,CORP,REGULAR,
TXN-3287,2025-11-17,Bajaj Auto Ltd,27AAACB3834M1ZU,INV-3287-A,162284,DEBIT,Business Services,5100,9983,18,0,14606,14606,ERP,178512,CORP,REGULAR,
TXN-3288,2025-11-18,Sun Pharma,27AAACS4699J1ZY,INV-3288-A,244717,DEBIT,Business Services,5100,9983,18,0,22025,22025,ERP,269188,CORP,REGULAR,
TXN-3289,2025-11-19,Asian Paints,27AAACA8945P1ZM,INV-3289-A,170767,DEBIT,Business Services,5100,9983,18,0,15369,15369,ERP,187843,CORP,REGULAR,
TXN-3290,2025-11-20,Reliance Industries,27AAACR4849E1ZU,INV-3290-A,43033,DEBIT,Business Services,5100,9983,18,0,3873,3873,ERP,47336,CORP,REGULAR,
TXN-3291,2025-11-21,Hindustan Unilever,27AAACH4714N1ZU,INV-3291-A,9883,DEBIT,Business Services,5100,9983,18,0,889,889,ERP,10871,CORP,REGULAR,
TXN-3292,2025-11-22,HDFC Bank Charges,27AAACH2702H1ZF,INV-3292-A,245273,DEBIT,Business Services,5100,9983,18,0,22075,22075,ERP,269800,CORP,REGULAR,
TXN-3293,2025-11-23,ICICI Bank Services,27AAACI0263C1ZN,INV-3293-A,57418,DEBIT,Business Services,5100,9983,18,0,5168,5168,ERP,63159,CORP,REGULAR,
TXN-3294,2025-11-24,Axis Bank Services,27AAACA1234B1ZL,INV-3294-A,43409,DEBIT,Business Services,5100,9983,18,0,3907,3907,ERP,47749,CORP,REGULAR,
TXN-3295,2025-11-25,Mahindra & Mahindra,27AAACM3025F1ZT,INV-3295-A,286875,DEBIT,Business Services,5100,9983,18,0,25819,25819,ERP,315562,CORP,REGULAR,
TXN-3296,2025-11-26,L&T Engineering,27AABCL0001A1ZX,INV-3296-A,116754,DEBIT,Business Services,5100,9983,18,0,10508,10508,ERP,128429,CORP,REGULAR,
TXN-3297,2025-11-27,Bajaj Auto Ltd,27AAACB3834M1ZU,INV-3297-A,270229,DEBIT,Business Services,5100,9983,18,0,24321,24321,ERP,297251,CORP,REGULAR,
TXN-3298,2025-11-28,Sun Pharma,27AAACS4699J1ZY,INV-3298-A,144041,DEBIT,Business Services,5100,9983,18,0,12964,12964,ERP,158445,CORP,REGULAR,
TXN-3299,2025-11-29,Asian Paints,27AAACA8945P1ZM,INV-3299-A,74445,DEBIT,Business Services,5100,9983,18,0,6700,6700,ERP,81889,CORP,REGULAR,
TXN-3300,2025-11-30,Reliance Industries,27AAACR4849E1ZU,INV-3300-A,187981,DEBIT,Business Services,5100,9983,18,0,16918,16918,ERP,206779,CORP,REGULAR,
TXN-3301,2025-12-01,Hindustan Unilever,27AAACH4714N1ZU,INV-3301-A,41066,DEBIT,Business Services,5100,9983,18,0,3696,3696,ERP,45172,CORP,REGULAR,
TXN-3302,2025-12-02,HDFC Bank Charges,27AAACH2702H1ZF,INV-3302-A,133075,DEBIT,Business Services,5100,9983,18,0,11977,11977,ERP,146382,CORP,REGULAR,
TXN-3303,2025-12-03,ICICI Bank Services,27AAACI0263C1ZN,INV-3303-A,198738,DEBIT,Business Services,5100,9983,18,0,17886,17886,ERP,218611,CORP,REGULAR,
TXN-3304,2025-12-04,Axis Bank Services,27AAACA1234B1ZL,INV-3304-A,154415,DEBIT,Business Services,5100,9983,18,0,13897,13897,ERP,169856,CORP,REGULAR,
TXN-3305,2025-12-05,Mahindra & Mahindra,27AAACM3025F1ZT,INV-3305-A,87704,DEBIT,Business Services,5100,9983,18,0,7893,7893,ERP,96474,CORP,REGULAR,
TXN-3306,2025-12-06,L&T Engineering,27AABCL0001A1ZX,INV-3306-A,234734,DEBIT,Business Services,5100,9983,18,0,21126,21126,ERP,258207,CORP,REGULAR,
TXN-3307,2025-12-07,Bajaj Auto Ltd,27AAACB3834M1ZU,INV-3307-A,289802,DEBIT,Business Services,5100,9983,18,0,26082,26082,ERP,318782,CORP,REGULAR,
TXN-3308,2025-12-08,Sun Pharma,27AAACS4699J1ZY,INV-3308-A,163606,DEBIT,Business Services,5100,9983,18,0,14725,14725,ERP,179966,CORP,REGULAR,
TXN-3309,2025-12-09,Asian Paints,27AAACA8945P1ZM,INV-3309-A,282317,DEBIT,Business Services,5100,9983,18,0,25409,25409,ERP,310548,CORP,REGULAR,
TXN-3310,2025-12-10,Reliance Industries,27AAACR4849E1ZU,INV-3310-A,9101,DEBIT,Business Services,5100,9983,18,0,819,819,ERP,10011,CORP,REGULAR,
TXN-3311,2025-12-11,Hindustan Unilever,27AAACH4714N1ZU,INV-3311-A,295771,DEBIT,Business Services,5100,9983,18,0,26619,26619,ERP,325348,CORP,REGULAR,
TXN-3312,2025-12-12,HDFC Bank Charges,27AAACH2702H1ZF,INV-3312-A,161960,DEBIT,Business Services,5100,9983,18,0,14576,14576,ERP,178156,CORP,REGULAR,
TXN-3313,2025-12-13,ICICI Bank Services,27AAACI0263C1ZN,INV-3313-A,59309,DEBIT,Business Services,5100,9983,18,0,5338,5338,ERP,65239,CORP,REGULAR,
TXN-3314,2025-12-14,Axis Bank Services,27AAACA1234B1ZL,INV-3314-A,75407,DEBIT,Business Services,5100,9983,18,0,6787,6787,ERP,82947,CORP,REGULAR,
TXN-3315,2025-12-15,Mahindra & Mahindra,27AAACM3025F1ZT,INV-3315-A,143656,DEBIT,Business Services,5100,9983,18,0,12929,12929,ERP,158021,CORP,REGULAR,
TXN-3316,2025-12-16,L&T Engineering,27AABCL0001A1ZX,INV-3316-A,65517,DEBIT,Business Services,5100,9983,18,0,5897,5897,ERP,72068,CORP,REGULAR,
TXN-3317,2025-12-17,Bajaj Auto Ltd,27AAACB3834M1ZU,INV-3317-A,61117,DEBIT,Business Services,5100,9983,18,0,5501,5501,ERP,67228,CORP,REGULAR,
TXN-3318,2025-12-18,Sun Pharma,27AAACS4699J1ZY,INV-3318-A,295048,DEBIT,Business Services,5100,9983,18,0,26554,26554,ERP,324552,CORP,REGULAR,
TXN-3319,2025-12-19,Asian Paints,27AAACA8945P1ZM,INV-3319-A,86499,DEBIT,Business Services,5100,9983,18,0,7785,7785,ERP,95148,CORP,REGULAR,
TXN-3320,2025-12-20,Reliance Industries,27AAACR4849E1ZU,INV-3320-A,147788,DEBIT,Business Services,5100,9983,18,0,13301,13301,ERP,162566,CORP,REGULAR,
TXN-3321,2025-12-21,Hindustan Unilever,27AAACH4714N1ZU,INV-3321-A,152721,DEBIT,Business Services,5100,9983,18,0,13745,13745,ERP,167993,CORP,REGULAR,
TXN-3322,2025-12-22,HDFC Bank Charges,27AAACH2702H1ZF,INV-3322-A,115430,DEBIT,Business Services,5100,9983,18,0,10389,10389,ERP,126973,CORP,REGULAR,
TXN-3323,2025-12-23,ICICI Bank Services,27AAACI0263C1ZN,INV-3323-A,184768,DEBIT,Business Services,5100,9983,18,0,16629,16629,ERP,203244,CORP,REGULAR,
TXN-3324,2025-12-24,Axis Bank Services,27AAACA1234B1ZL,INV-3324-A,111743,DEBIT,Business Services,5100,9983,18,0,10057,10057,ERP,122917,CORP,REGULAR,
TXN-3325,2025-12-25,Mahindra & Mahindra,27AAACM3025F1ZT,INV-3325-A,143403,DEBIT,Business Services,5100,9983,18,0,12906,12906,ERP,157743,CORP,REGULAR,
TXN-3326,2025-12-26,L&T Engineering,27AABCL0001A1ZX,INV-3326-A,269979,DEBIT,Business Services,5100,9983,18,0,24298,24298,ERP,296976,CORP,REGULAR,
TXN-3327,2025-12-27,Bajaj Auto Ltd,27AAACB3834M1ZU,INV-3327-A,261131,DEBIT,Business Services,5100,9983,18,0,23502,23502,ERP,287244,CORP,REGULAR,
TXN-3328,2025-12-28,Sun Pharma,27AAACS4699J1ZY,INV-3328-A,136659,DEBIT,Business Services,5100,9983,18,0,12299,12299,ERP,150324,CORP,REGULAR,
TXN-3329,2025-12-29,Asian Paints,27AAACA8945P1ZM,INV-3329-A,31633,DEBIT,Business Services,5100,9983,18,0,2847,2847,ERP,34796,CORP,REGULAR,
TXN-3330,2025-10-01,Reliance Industries,27AAACR4849E1ZU,INV-3330-A,53390,DEBIT,Business Services,5100,9983,18,0,4805,4805,ERP,58729,CORP,REGULAR,
TXN-3331,2025-10-02,Hindustan Unilever,27AAACH4714N1ZU,INV-3331-A,227075,DEBIT,Business Services,5100,9983,18,0,20437,20437,ERP,249782,CORP,REGULAR,
TXN-3332,2025-10-03,HDFC Bank Charges,27AAACH2702H1ZF,INV-3332-A,150060,DEBIT,Business Services,5100,9983,18,0,13505,13505,ERP,165066,CORP,REGULAR,
TXN-3333,2025-10-04,ICICI Bank Services,27AAACI0263C1ZN,INV-3333-A,28114,DEBIT,Business Services,5100,9983,18,0,2530,2530,ERP,30925,CORP,REGULAR,
TXN-3334,2025-10-05,Axis Bank Services,27AAACA1234B1ZL,INV-3334-A,6858,DEBIT,Business Services,5100,9983,18,0,617,617,ERP,7543,CORP,REGULAR,
TXN-3335,2025-10-06,Mahindra & Mahindra,27AAACM3025F1ZT,INV-3335-A,179879,DEBIT,Business Services,5100,9983,18,0,16189,16189,ERP,197866,CORP,REGULAR,
TXN-3336,2025-10-07,L&T Engineering,27AABCL0001A1ZX,INV-3336-A,73587,DEBIT,Business Services,5100,9983,18,0,6623,6623,ERP,80945,CORP,REGULAR,
TXN-3337,2025-10-08,Bajaj Auto Ltd,27AAACB3834M1ZU,INV-3337-A,142340,DEBIT,Business Services,5100,9983,18,0,12811,12811,ERP,156574,CORP,REGULAR,
TXN-3338,2025-10-09,Sun Pharma,27AAACS4699J1ZY,INV-3338-A,89715,DEBIT,Business Services,5100,9983,18,0,8074,8074,ERP,98686,CORP,REGULAR,
TXN-3339,2025-10-10,Asian Paints,27AAACA8945P1ZM,INV-3339-A,236649,DEBIT,Business Services,5100,9983,18,0,21298,21298,ERP,260313,CORP,REGULAR,
TXN-3340,2025-10-11,Reliance Industries,27AAACR4849E1ZU,INV-3340-A,294239,DEBIT,Business Services,5100,9983,18,0,26482,26482,ERP,323662,CORP,REGULAR,
TXN-3341,2025-10-12,Hindustan Unilever,27AAACH4714N1ZU,INV-3341-A,229231,DEBIT,Business Services,5100,9983,18,0,20631,20631,ERP,252154,CORP,REGULAR,
TXN-3342,2025-10-13,HDFC Bank Charges,27AAACH2702H1ZF,INV-3342-A,299076,DEBIT,Business Services,5100,9983,18,0,26917,26917,ERP,328983,CORP,REGULAR,
TXN-3343,2025-10-14,ICICI Bank Services,27AAACI0263C1ZN,INV-3343-A,10069,DEBIT,Business Services,5100,9983,18,0,906,906,ERP,11075,CORP,REGULAR,
TXN-3344,2025-10-15,Axis Bank Services,27AAACA1234B1ZL,INV-3344-A,63654,DEBIT,Business Services,5100,9983,18,0,5729,5729,ERP,70019,CORP,REGULAR,
TXN-3345,2025-10-16,Mahindra & Mahindra,27AAACM3025F1ZT,INV-3345-A,44449,DEBIT,Business Services,5100,9983,18,0,4000,4000,ERP,48893,CORP,REGULAR,
TXN-3346,2025-10-17,L&T Engineering,27AABCL0001A1ZX,INV-3346-A,83147,DEBIT,Business Services,5100,9983,18,0,7483,7483,ERP,91461,CORP,REGULAR,
TXN-3347,2025-10-18,Bajaj Auto Ltd,27AAACB3834M1ZU,INV-3347-A,291046,DEBIT,Business Services,5100,9983,18,0,26194,26194,ERP,320150,CORP,REGULAR,
TXN-3348,2025-10-19,Sun Pharma,27AAACS4699J1ZY,INV-3348-A,23889,DEBIT,Business Services,5100,9983,18,0,2150,2150,ERP,26277,CORP,REGULAR,
TXN-3349,2025-10-20,Asian Paints,27AAACA8945P1ZM,INV-3349-A,198575,DEBIT,Business Services,5100,9983,18,0,17872,17872,ERP,218432,CORP,REGULAR,
TXN-3350,2025-10-21,Reliance Industries,27AAACR4849E1ZU,INV-3350-A,294682,DEBIT,Business Services,5100,9983,18,0,26521,26521,ERP,324150,CORP,REGULAR,
TXN-3351,2025-10-22,Hindustan Unilever,27AAACH4714N1ZU,INV-3351-A,82643,DEBIT,Business Services,5100,9983,18,0,7438,7438,ERP,90907,CORP,REGULAR,
TXN-3352,2025-10-23,HDFC Bank Charges,27AAACH2702H1ZF,INV-3352-A,230332,DEBIT,Business Services,5100,9983,18,0,20730,20730,ERP,253365,CORP,REGULAR,
TXN-3353,2025-10-24,ICICI Bank Services,27AAACI0263C1ZN,INV-3353-A,71818,DEBIT,Business Services,5100,9983,18,0,6464,6464,ERP,78999,CORP,REGULAR,
TXN-3354,2025-10-25,Axis Bank Services,27AAACA1234B1ZL,INV-3354-A,26930,DEBIT,Business Services,5100,9983,18,0,2424,2424,ERP,29623,CORP,REGULAR,
TXN-3355,2025-10-26,Mahindra & Mahindra,27AAACM3025F1ZT,INV-3355-A,166616,DEBIT,Business Services,5100,9983,18,0,14995,14995,ERP,183277,CORP,REGULAR,
TXN-3356,2025-10-27,L&T Engineering,27AABCL0001A1ZX,INV-3356-A,196182,DEBIT,Business Services,5100,9983,18,0,17656,17656,ERP,215800,CORP,REGULAR,
TXN-3357,2025-10-28,Bajaj Auto Ltd,27AAACB3834M1ZU,INV-3357-A,25916,DEBIT,Business Services,5100,9983,18,0,2332,2332,ERP,28507,CORP,REGULAR,
TXN-3358,2025-10-29,Sun Pharma,27AAACS4699J1ZY,INV-3358-A,192595,DEBIT,Business Services,5100,9983,18,0,17334,17334,ERP,211854,CORP,REGULAR,
TXN-3359,2025-10-30,Asian Paints,27AAACA8945P1ZM,INV-3359-A,115140,DEBIT,Business Services,5100,9983,18,0,10363,10363,ERP,126654,CORP,REGULAR,
TXN-3360,2025-10-31,Reliance Industries,27AAACR4849E1ZU,INV-3360-A,135825,DEBIT,Business Services,5100,9983,18,0,12224,12224,ERP,149407,CORP,REGULAR,
TXN-3361,2025-11-01,Hindustan Unilever,27AAACH4714N1ZU,INV-3361-A,58893,DEBIT,Business Services,5100,9983,18,0,5300,5300,ERP,64782,CORP,REGULAR,
TXN-3362,2025-11-02,HDFC Bank Charges,27AAACH2702H1ZF,INV-3362-A,190429,DEBIT,Business Services,5100,9983,18,0,17139,17139,ERP,209471,CORP,REGULAR,
TXN-3363,2025-11-03,ICICI Bank Services,27AAACI0263C1ZN,INV-3363-A,298540,DEBIT,Business Services,5100,9983,18,0,26869,26869,ERP,328394,CORP,REGULAR,
TXN-3364,2025-11-04,Axis Bank Services,27AAACA1234B1ZL,INV-3364-A,218058,DEBIT,Business Services,5100,9983,18,0,19625,19625,ERP,239863,CORP,REGULAR,
TXN-3365,2025-11-05,Mahindra & Mahindra,27AAACM3025F1ZT,INV-3365-A,86030,DEBIT,Business Services,5100,9983,18,0,7743,7743,ERP,94633,CORP,REGULAR,
TXN-3366,2025-11-06,L&T Engineering,27AABCL0001A1ZX,INV-3366-A,129118,DEBIT,Business Services,5100,9983,18,0,11621,11621,ERP,142029,CORP,REGULAR,
TXN-3367,2025-11-07,Bajaj Auto Ltd,27AAACB3834M1ZU,INV-3367-A,90197,DEBIT,Business Services,5100,9983,18,0,8118,8118,ERP,99216,CORP,REGULAR,
TXN-3368,2025-11-08,Sun Pharma,27AAACS4699J1ZY,INV-3368-A,97826,DEBIT,Business Services,5100,9983,18,0,8804,8804,ERP,107608,CORP,REGULAR,
TXN-3369,2025-11-09,Asian Paints,27AAACA8945P1ZM,INV-3369-A,221161,DEBIT,Business Services,5100,9983,18,0,19904,19904,ERP,243277,CORP,REGULAR,
TXN-3370,2025-11-10,Reliance Industries,27AAACR4849E1ZU,INV-3370-A,17995,DEBIT,Business Services,5100,9983,18,0,1620,1620,ERP,19794,CORP,REGULAR,
TXN-3371,2025-11-11,Hindustan Unilever,27AAACH4714N1ZU,INV-3371-A,99036,DEBIT,Business Services,5100,9983,18,0,8913,8913,ERP,108939,CORP,REGULAR,
TXN-3372,2025-11-12,HDFC Bank Charges,27AAACH2702H1ZF,INV-3372-A,179160,DEBIT,Business Services,5100,9983,18,0,16124,16124,ERP,197076,CORP,REGULAR,
TXN-3373,2025-11-13,ICICI Bank Services,27AAACI0263C1ZN,INV-3373-A,220856,DEBIT,Business Services,5100,9983,18,0,19877,19877,ERP,242941,CORP,REGULAR,
TXN-3374,2025-11-14,Axis Bank Services,27AAACA1234B1ZL,INV-3374-A,135111,DEBIT,Business Services,5100,9983,18,0,12160,12160,ERP,148622,CORP,REGULAR,
TXN-3375,2025-11-15,Mahindra & Mahindra,27AAACM3025F1ZT,INV-3375-A,144883,DEBIT,Business Services,5100,9983,18,0,13039,13039,ERP,159371,CORP,REGULAR,
TXN-3376,2025-11-16,L&T Engineering,27AABCL0001A1ZX,INV-3376-A,88465,DEBIT,Business Services,5100,9983,18,0,7962,7962,ERP,97311,CORP,REGULAR,
TXN-3377,2025-11-17,Bajaj Auto Ltd,27AAACB3834M1ZU,INV-3377-A,61673,DEBIT,Business Services,5100,9983,18,0,5551,5551,ERP,67840,CORP,REGULAR,
TXN-3378,2025-11-18,Sun Pharma,27AAACS4699J1ZY,INV-3378-A,205562,DEBIT,Business Services,5100,9983,18,0,18501,18501,ERP,226118,CORP,REGULAR,
TXN-3379,2025-11-19,Asian Paints,27AAACA8945P1ZM,INV-3379-A,25302,DEBIT,Business Services,5100,9983,18,0,2277,2277,ERP,27832,CORP,REGULAR,
TXN-3380,2025-11-20,Reliance Industries,27AAACR4849E1ZU,INV-3380-A,251777,DEBIT,Business Services,5100,9983,18,0,22660,22660,ERP,276954,CORP,REGULAR,
TXN-3381,2025-11-21,Hindustan Unilever,27AAACH4714N1ZU,INV-3381-A,121619,DEBIT,Business Services,5100,9983,18,0,10946,10946,ERP,133780,CORP,REGULAR,
TXN-3382,2025-11-22,HDFC Bank Charges,27AAACH2702H1ZF,INV-3382-A,109633,DEBIT,Business Services,5100,9983,18,0,9867,9867,ERP,120596,CORP,REGULAR,
TXN-3383,2025-11-23,ICICI Bank Services,27AAACI0263C1ZN,INV-3383-A,246331,DEBIT,Business Services,5100,9983,18,0,22170,22170,ERP,270964,CORP,REGULAR,
TXN-3384,2025-11-24,Axis Bank Services,27AAACA1234B1ZL,INV-3384-A,188321,DEBIT,Business Services,5100,9983,18,0,16949,16949,ERP,207153,CORP,REGULAR,
TXN-3385,2025-11-25,Mahindra & Mahindra,27AAACM3025F1ZT,INV-3385-A,165007,DEBIT,Business Services,5100,9983,18,0,14851,14851,ERP,181507,CORP,REGULAR,
TXN-3386,2025-11-26,L&T Engineering,27AABCL0001A1ZX,INV-3386-A,124325,DEBIT,Business Services,5100,9983,18,0,11189,11189,ERP,136757,CORP,REGULAR,
TXN-3387,2025-11-27,Bajaj Auto Ltd,27AAACB3834M1ZU,INV-3387-A,121876,DEBIT,Business Services,5100,9983,18,0,10969,10969,ERP,134063,CORP,REGULAR,
TXN-3388,2025-11-28,Sun Pharma,27AAACS4699J1ZY,INV-3388-A,17406,DEBIT,Business Services,5100,9983,18,0,1567,1567,ERP,19146,CORP,REGULAR,
TXN-3389,2025-11-29,Asian Paints,27AAACA8945P1ZM,INV-3389-A,106255,DEBIT,Business Services,5100,9983,18,0,9563,9563,ERP,116880,CORP,REGULAR,
TXN-3390,2025-11-30,Reliance Industries,27AAACR4849E1ZU,INV-3390-A,213910,DEBIT,Business Services,5100,9983,18,0,19252,19252,ERP,235301,CORP,REGULAR,
TXN-3391,2025-12-01,Hindustan Unilever,27AAACH4714N1ZU,INV-3391-A,177103,DEBIT,Business Services,5100,9983,18,0,15939,15939,ERP,194813,CORP,REGULAR,
TXN-3392,2025-12-02,HDFC Bank Charges,27AAACH2702H1ZF,INV-3392-A,151068,DEBIT,Business Services,5100,9983,18,0,13596,13596,ERP,166174,CORP,REGULAR,
TXN-3393,2025-12-03,ICICI Bank Services,27AAACI0263C1ZN,INV-3393-A,41396,DEBIT,Business Services,5100,9983,18,0,3726,3726,ERP,45535,CORP,REGULAR,
TXN-3394,2025-12-04,Axis Bank Services,27AAACA1234B1ZL,INV-3394-A,151341,DEBIT,Business Services,5100,9983,18,0,13621,13621,ERP,166475,CORP,REGULAR,
TXN-3395,2025-12-05,Mahindra & Mahindra,27AAACM3025F1ZT,INV-3395-A,189101,DEBIT,Business Services,5100,9983,18,0,17019,17019,ERP,208011,CORP,REGULAR,
TXN-3396,2025-12-06,L&T Engineering,27AABCL0001A1ZX,INV-3396-A,272075,DEBIT,Business Services,5100,9983,18,0,24487,24487,ERP,299282,CORP,REGULAR,
TXN-3397,2025-12-07,Bajaj Auto Ltd,27AAACB3834M1ZU,INV-3397-A,214546,DEBIT,Business Services,5100,9983,18,0,19309,19309,ERP,236000,CORP,REGULAR,
TXN-3398,2025-12-08,Sun Pharma,27AAACS4699J1ZY,INV-3398-A,286131,DEBIT,Business Services,5100,9983,18,0,25752,25752,ERP,314744,CORP,REGULAR,
TXN-3399,2025-12-09,Asian Paints,27AAACA8945P1ZM,INV-3399-A,178617,DEBIT,Business Services,5100,9983,18,0,16076,16076,ERP,196478,CORP,REGULAR,
TXN-3400,2025-12-10,Reliance Industries,27AAACR4849E1ZU,INV-3400-A,19470,DEBIT,Business Services,5100,9983,18,0,1752,1752,ERP,21417,CORP,REGULAR,
TXN-3401,2025-12-11,Hindustan Unilever,27AAACH4714N1ZU,INV-3401-A,65472,DEBIT,Business Services,5100,9983,18,0,5892,5892,ERP,72019,CORP,REGULAR,
TXN-3402,2025-12-12,HDFC Bank Charges,27AAACH2702H1ZF,INV-3402-A,141951,DEBIT,Business Services,5100,9983,18,0,12776,12776,ERP,156146,CORP,REGULAR,
TXN-3403,2025-12-13,ICICI Bank Services,27AAACI0263C1ZN,INV-3403-A,98620,DEBIT,Business Services,5100,9983,18,0,8876,8876,ERP,108482,CORP,REGULAR,
TXN-3404,2025-12-14,Axis Bank Services,27AAACA1234B1ZL,INV-3404-A,144180,DEBIT,Business Services,5100,9983,18,0,12976,12976,ERP,158598,CORP,REGULAR,
TXN-3405,2025-12-15,Mahindra & Mahindra,27AAACM3025F1ZT,INV-3405-A,25057,DEBIT,Business Services,5100,9983,18,0,2255,2255,ERP,27562,CORP,REGULAR,
TXN-3406,2025-12-16,L&T Engineering,27AABCL0001A1ZX,INV-3406-A,61834,DEBIT,Business Services,5100,9983,18,0,5565,5565,ERP,68017,CORP,REGULAR,
TXN-3407,2025-12-17,Bajaj Auto Ltd,27AAACB3834M1ZU,INV-3407-A,232836,DEBIT,Business Services,5100,9983,18,0,20955,20955,ERP,256119,CORP,REGULAR,
TXN-3408,2025-12-18,Sun Pharma,27AAACS4699J1ZY,INV-3408-A,186239,DEBIT,Business Services,5100,9983,18,0,16762,16762,ERP,204862,CORP,REGULAR,
TXN-3409,2025-12-19,Asian Paints,27AAACA8945P1ZM,INV-3409-A,169457,DEBIT,Business Services,5100,9983,18,0,15251,15251,ERP,186402,CORP,REGULAR,
TXN-3410,2025-12-20,Reliance Industries,27AAACR4849E1ZU,INV-3410-A,233796,DEBIT,Business Services,5100,9983,18,0,21042,21042,ERP,257175,CORP,REGULAR,
TXN-3411,2025-12-21,Hindustan Unilever,27AAACH4714N1ZU,INV-3411-A,273132,DEBIT,Business Services,5100,9983,18,0,24582,24582,ERP,300445,CORP,REGULAR,
TXN-3412,2025-12-22,HDFC Bank Charges,27AAACH2702H1ZF,INV-3412-A,65631,DEBIT,Business Services,5100,9983,18,0,5907,5907,ERP,72194,CORP,REGULAR,
TXN-3413,2025-12-23,ICICI Bank Services,27AAACI0263C1ZN,INV-3413-A,206953,DEBIT,Business Services,5100,9983,18,0,18626,18626,ERP,227648,CORP,REGULAR,
TXN-3414,2025-12-24,Axis Bank Services,27AAACA1234B1ZL,INV-3414-A,104656,DEBIT,Business Services,5100,9983,18,0,9419,9419,ERP,115121,CORP,REGULAR,
TXN-3415,2025-12-25,Mahindra & Mahindra,27AAACM3025F1ZT,INV-3415-A,138547,DEBIT,Business Services,5100,9983,18,0,12469,12469,ERP,152401,CORP,REGULAR,
TXN-3416,2025-12-26,L&T Engineering,27AABCL0001A1ZX,INV-3416-A,28271,DEBIT,Business Services,5100,9983,18,0,2544,2544,ERP,31098,CORP,REGULAR,
TXN-3417,2025-12-27,Bajaj Auto Ltd,27AAACB3834M1ZU,INV-3417-A,233619,DEBIT,Business Services,5100,9983,18,0,21026,21026,ERP,256980,CORP,REGULAR,
TXN-3418,2025-12-28,Sun Pharma,27AAACS4699J1ZY,INV-3418-A,5886,DEBIT,Business Services,5100,9983,18,0,530,530,ERP,6474,CORP,REGULAR,
TXN-3419,2025-12-29,Asian Paints,27AAACA8945P1ZM,INV-3419-A,277587,DEBIT,Business Services,5100,9983,18,0,24983,24983,ERP,305345,CORP,REGULAR,
TXN-3420,2025-10-01,Reliance Industries,27AAACR4849E1ZU,INV-3420-A,287303,DEBIT,Business Services,5100,9983,18,0,25857,25857,ERP,316033,CORP,REGULAR,
TXN-3421,2025-10-02,Hindustan Unilever,27AAACH4714N1ZU,INV-3421-A,108303,DEBIT,Business Services,5100,9983,18,0,9747,9747,ERP,119133,CORP,REGULAR,
TXN-3422,2025-10-03,HDFC Bank Charges,27AAACH2702H1ZF,INV-3422-A,195956,DEBIT,Business Services,5100,9983,18,0,17636,17636,ERP,215551,CORP,REGULAR,
TXN-3423,2025-10-04,ICICI Bank Services,27AAACI0263C1ZN,INV-3423-A,231124,DEBIT,Business Services,5100,9983,18,0,20801,20801,ERP,254236,CORP,REGULAR,
TXN-3424,2025-10-05,Axis Bank Services,27AAACA1234B1ZL,INV-3424-A,41686,DEBIT,Business Services,5100,9983,18,0,3752,3752,ERP,45854,CORP,REGULAR,
TXN-3425,2025-10-06,Mahindra & Mahindra,27AAACM3025F1ZT,INV-3425-A,178119,DEBIT,Business Services,5100,9983,18,0,16031,16031,ERP,195930,CORP,REGULAR,
TXN-3426,2025-10-07,L&T Engineering,27AABCL0001A1ZX,INV-3426-A,169582,DEBIT,Business Services,5100,9983,18,0,15262,15262,ERP,186540,CORP,REGULAR,
TXN-3427,2025-10-08,Bajaj Auto Ltd,27AAACB3834M1ZU,INV-3427-A,70339,DEBIT,Business Services,5100,9983,18,0,6331,6331,ERP,77372,CORP,REGULAR,
TXN-3428,2025-10-09,Sun Pharma,27AAACS4699J1ZY,INV-3428-A,162455,DEBIT,Business Services,5100,9983,18,0,14621,14621,ERP,178700,CORP,REGULAR,
TXN-3429,2025-10-10,Asian Paints,27AAACA8945P1ZM,INV-3429-A,270878,DEBIT,Business Services,5100,9983,18,0,24379,24379,ERP,297965,CORP,REGULAR,
TXN-3430,2025-10-11,Reliance Industries,27AAACR4849E1ZU,INV-3430-A,167154,DEBIT,Business Services,5100,9983,18,0,15044,15044,ERP,183869,CORP,REGULAR,
TXN-3431,2025-10-12,Hindustan Unilever,27AAACH4714N1ZU,INV-3431-A,219115,DEBIT,Business Services,5100,9983,18,0,19720,19720,ERP,241026,CORP,REGULAR,
TXN-3432,2025-10-13,HDFC Bank Charges,27AAACH2702H1ZF,INV-3432-A,176013,DEBIT,Business Services,5100,9983,18,0,15841,15841,ERP,193614,CORP,REGULAR,
